,status,seniority,home,time,age,marital,records,job,expenses,income,assets,debt,amount,price
0,no,6,owner,36,58,married,no_rec,fixed,60,390.0,45000.0,0.0,1000,2318
1,no,9,owner,24,45,married,no_rec,fixed,75,112.0,4000.0,0.0,500,1430
2,yes,1,rent,48,37,separated,yes_rec,fixed,46,110.0,0.0,0.0,900,1312
3,no,1,parents,24,19,single,no_rec,fixed,35,28.0,0.0,0.0,400,600
4,no,17,rent,24,50,married,no_rec,freelance,68,79.0,1000.0,0.0,1000,3782
5,no,1,parents,24,29,single,no_rec,partime,35,147.0,0.0,0.0,650,1370
6,no,12,priv,60,38,married,yes_rec,fixed,90,195.0,1500.0,200.0,1150,1310
7,no,11,priv,48,31,married,no_rec,fixed,45,140.0,4000.0,0.0,700,1225
8,yes,14,priv,60,33,married,yes_rec,fixed,90,77.0,3400.0,0.0,1500,1813
9,no,20,priv,60,39,married,no_rec,fixed,90,159.0,2000.0,0.0,750,790
10,no,0,priv,18,27,married,no_rec,fixed,45,60.0,0.0,0.0,750,1050
11,no,4,parents,60,26,single,no_rec,fixed,35,104.0,2500.0,2000.0,1048,1048
12,no,28,rent,48,51,married,no_rec,fixed,112,373.0,15000.0,0.0,1300,2093
13,no,5,rent,48,31,married,no_rec,fixed,70,247.0,0.0,0.0,900,1039
14,no,16,rent,60,36,married,no_rec,fixed,100,250.0,0.0,0.0,1250,1816
15,no,2,other,48,25,single,no_rec,fixed,35,142.0,0.0,0.0,1000,1440
16,no,0,parents,48,19,single,no_rec,partime,35,53.0,0.0,0.0,1250,1310
17,no,20,owner,6,48,married,yes_rec,freelance,35,0.0,14000.0,0.0,500,1351
18,no,11,owner,36,26,married,no_rec,fixed,60,146.0,5000.0,1300.0,400,1206
19,no,5,parents,24,25,single,no_rec,partime,35,111.0,0.0,0.0,750,1125
20,no,23,owner,12,37,married,no_rec,fixed,45,165.0,5000.0,0.0,900,1694
21,no,45,owner,30,64,married,no_rec,freelance,45,157.0,20000.0,0.0,1000,1588
22,yes,3,owner,60,35,married,yes_rec,fixed,60,143.0,7000.0,0.0,2100,3038
23,no,10,owner,36,55,married,no_rec,fixed,60,70.0,4000.0,0.0,1000,1436
24,yes,0,owner,60,32,married,yes_rec,fixed,35,75.0,4500.0,1000.0,900,1084
25,no,5,owner,24,42,married,no_rec,fixed,45,113.0,7100.0,0.0,1800,3669
26,no,2,rent,36,24,married,no_rec,fixed,71,113.0,0.0,0.0,700,1338
27,no,10,owner,60,35,separated,no_rec,fixed,35,300.0,5000.0,2500.0,1350,1369
28,yes,12,rent,36,36,married,yes_rec,fixed,74,140.0,0.0,0.0,1400,1725
29,no,5,owner,60,27,married,no_rec,fixed,45,135.0,5000.0,1400.0,1600,1650
30,yes,1,owner,60,25,married,no_rec,partime,60,137.0,2700.0,1900.0,1150,1255
31,no,3,rent,36,23,married,no_rec,partime,53,79.0,0.0,0.0,600,650
32,no,4,rent,60,26,married,no_rec,fixed,54,187.0,0.0,0.0,1500,1520
33,yes,6,other,24,23,single,yes_rec,fixed,35,135.0,0.0,0.0,250,250
34,no,20,owner,48,52,married,yes_rec,fixed,60,170.0,9000.0,0.0,1900,2320
35,no,0,owner,60,24,single,no_rec,others,35,82.0,10000.0,0.0,1600,1680
36,no,12,owner,60,27,married,no_rec,fixed,60,118.0,6000.0,800.0,900,1200
37,no,5,rent,36,27,married,no_rec,fixed,57,120.0,0.0,0.0,560,1163
38,no,20,owner,60,56,married,no_rec,fixed,35,145.0,5000.0,0.0,1600,1763
39,no,1,owner,12,22,married,no_rec,fixed,35,117.0,4000.0,0.0,275,450
40,no,12,owner,60,45,married,no_rec,freelance,35,75.0,4000.0,0.0,1000,1100
41,no,35,rent,60,52,married,no_rec,fixed,83,384.0,3000.0,3000.0,900,1633
42,no,7,other,48,55,married,no_rec,fixed,75,100.0,6000.0,0.0,1200,1700
43,no,4,owner,24,32,married,no_rec,partime,45,158.0,5500.0,0.0,500,1839
44,no,15,owner,24,29,married,no_rec,fixed,45,130.0,4000.0,0.0,400,899
45,no,10,rent,60,33,married,no_rec,freelance,75,300.0,2700.0,0.0,1000,1500
46,yes,2,rent,60,30,married,yes_rec,freelance,54,90.0,2000.0,0.0,1500,1500
47,yes,1,rent,36,25,single,no_rec,fixed,49,135.0,0.0,0.0,600,675
48,no,10,rent,60,26,married,no_rec,fixed,78,175.0,0.0,0.0,1000,1314
49,no,15,owner,60,48,married,no_rec,fixed,45,105.0,3000.0,0.0,250,1092
50,no,5,owner,60,65,married,no_rec,others,45,222.0,12000.0,0.0,600,1264
51,no,19,owner,60,56,married,no_rec,fixed,45,169.0,7000.0,0.0,1400,1714
52,no,18,rent,60,37,married,no_rec,fixed,70,100.0,0.0,0.0,1300,1345
53,no,6,parents,60,26,married,no_rec,fixed,60,108.0,0.0,0.0,1200,1250
54,yes,15,owner,48,53,married,no_rec,freelance,45,200.0,15000.0,3500.0,1650,2000
55,yes,1,rent,48,40,married,no_rec,others,82,69.0,0.0,0.0,1100,1197
56,no,20,owner,36,41,married,no_rec,freelance,90,250.0,13500.0,0.0,1900,2200
57,yes,1,parents,48,25,single,no_rec,partime,35,50.0,0.0,0.0,1000,1041
58,no,18,priv,60,49,married,no_rec,fixed,60,140.0,4000.0,0.0,1050,1097
59,yes,7,owner,60,34,married,no_rec,fixed,45,119.0,4000.0,0.0,2000,2221
60,no,1,rent,60,23,married,no_rec,fixed,54,92.0,0.0,0.0,1000,1300
61,no,3,owner,60,38,married,no_rec,partime,75,90.0,3000.0,0.0,930,1135
62,no,4,parents,24,40,single,no_rec,fixed,35,150.0,5500.0,600.0,500,1672
63,no,4,rent,60,24,married,no_rec,fixed,52,70.0,0.0,0.0,1000,1315
64,no,3,parents,60,23,single,no_rec,freelance,35,42.0,10000.0,0.0,2000,2203
65,yes,2,other,60,22,single,no_rec,fixed,35,58.0,12000.0,0.0,1450,1600
66,no,0,owner,24,20,single,no_rec,partime,45,188.0,2000.0,1500.0,300,315
67,no,2,parents,60,43,married,no_rec,fixed,45,100.0,0.0,0.0,1500,1645
68,no,2,priv,60,24,married,no_rec,fixed,35,170.0,5000.0,1500.0,1150,1200
69,no,2,rent,60,30,married,yes_rec,fixed,52,70.0,0.0,0.0,950,1175
70,yes,3,rent,36,61,married,no_rec,fixed,41,57.0,12000.0,0.0,2500,3559
71,yes,0,owner,60,59,married,no_rec,others,35,131.0,12000.0,0.0,1150,1157
72,no,3,parents,24,24,married,no_rec,fixed,35,120.0,10000.0,0.0,500,650
73,no,17,rent,48,54,married,no_rec,fixed,168,325.0,0.0,0.0,860,1059
74,no,9,owner,24,30,married,no_rec,fixed,35,250.0,30000.0,0.0,1000,1594
75,yes,7,owner,60,38,married,yes_rec,freelance,60,40.0,6000.0,0.0,1500,1610
76,yes,7,priv,48,30,married,no_rec,partime,60,112.0,1500.0,0.0,900,1165
77,yes,0,parents,36,22,married,no_rec,partime,60,137.0,0.0,0.0,700,900
78,yes,2,rent,60,35,married,yes_rec,fixed,52,70.0,0.0,0.0,1000,1000
79,no,8,owner,24,25,married,no_rec,fixed,35,160.0,3000.0,0.0,800,1092
80,no,12,owner,36,42,married,no_rec,freelance,60,0.0,15000.0,0.0,1000,1500
81,no,3,rent,60,41,married,no_rec,others,51,60.0,0.0,0.0,750,818
82,no,28,owner,36,49,married,no_rec,fixed,45,90.0,27000.0,0.0,600,1690
83,yes,8,rent,48,30,single,no_rec,fixed,46,114.0,0.0,0.0,1650,1659
84,no,10,other,18,48,married,no_rec,fixed,90,214.0,0.0,0.0,1000,1608
85,yes,4,owner,60,42,married,no_rec,fixed,75,135.0,4000.0,0.0,978,978
86,no,16,parents,60,34,single,no_rec,freelance,35,0.0,12000.0,0.0,1200,1336
87,yes,4,rent,60,53,widow,no_rec,others,37,22.0,20000.0,0.0,1300,1498
88,no,5,ignore,48,51,divorced,no_rec,fixed,35,95.0,6000.0,0.0,500,645
89,no,13,priv,60,40,married,no_rec,fixed,60,100.0,3500.0,540.0,970,1270
90,no,1,rent,60,39,married,yes_rec,fixed,130,250.0,0.0,0.0,1900,4063
91,no,13,parents,60,34,single,no_rec,fixed,35,96.0,0.0,0.0,750,775
92,no,1,owner,48,22,single,yes_rec,partime,35,125.0,3000.0,0.0,600,1087
93,no,0,rent,60,25,married,no_rec,partime,41,64.0,0.0,0.0,1450,1537
94,yes,17,owner,36,60,married,no_rec,fixed,60,78.0,2500.0,0.0,650,800
95,no,7,owner,48,32,married,yes_rec,fixed,45,140.0,5500.0,0.0,550,1250
96,yes,1,other,48,28,married,yes_rec,fixed,60,129.0,0.0,0.0,1300,1608
97,yes,2,parents,24,35,married,no_rec,fixed,45,175.0,0.0,0.0,1000,2393
98,yes,0,other,60,22,single,no_rec,partime,35,55.0,0.0,0.0,1350,1400
99,no,16,owner,60,51,married,no_rec,fixed,60,155.0,4000.0,0.0,900,925
100,no,20,owner,60,54,married,no_rec,fixed,35,100.0,5000.0,0.0,1600,2500
101,no,29,owner,60,44,married,no_rec,fixed,75,125.0,10000.0,0.0,1600,1800
102,yes,14,rent,60,38,married,no_rec,fixed,71,108.0,0.0,0.0,1400,1693
103,yes,5,rent,60,42,married,yes_rec,freelance,113,83.0,0.0,0.0,1530,1530
104,no,1,rent,48,64,married,no_rec,others,74,137.0,3500.0,0.0,600,927
105,no,30,other,48,52,married,no_rec,freelance,90,300.0,12000.0,0.0,1700,1734
106,no,10,owner,36,52,married,no_rec,freelance,35,225.0,25000.0,0.0,2000,2315
107,no,8,priv,60,32,married,no_rec,fixed,35,95.0,2500.0,480.0,950,1350
108,no,0,owner,12,49,widow,no_rec,freelance,60,0.0,21000.0,0.0,1800,2309
109,yes,1,owner,48,34,married,no_rec,others,60,45.0,2500.0,0.0,1000,1476
110,no,2,parents,60,22,single,no_rec,freelance,35,115.0,0.0,0.0,1250,1263
111,yes,2,owner,60,29,married,yes_rec,fixed,60,185.0,6300.0,2300.0,2000,2675
112,no,15,owner,48,34,separated,no_rec,freelance,45,0.0,5000.0,0.0,900,1197
113,no,2,parents,48,34,single,no_rec,fixed,45,157.0,4000.0,0.0,1450,1769
114,no,2,owner,48,51,married,no_rec,freelance,60,241.0,6500.0,51.0,900,1100
115,no,2,owner,18,43,married,no_rec,freelance,90,356.0,5000.0,800.0,700,1073
116,no,9,rent,36,55,married,no_rec,fixed,70,250.0,30000.0,0.0,1750,2276
117,no,13,owner,60,43,married,no_rec,fixed,45,123.0,3500.0,0.0,1600,1805
118,yes,10,owner,48,35,married,no_rec,fixed,45,63.0,5000.0,350.0,1000,1580
119,no,36,owner,60,51,married,no_rec,fixed,35,205.0,4000.0,0.0,950,1017
120,yes,1,rent,36,28,single,no_rec,freelance,52,170.0,0.0,0.0,350,1500
121,no,25,rent,42,61,married,no_rec,fixed,57,121.0,0.0,0.0,750,830
122,no,8,priv,36,39,married,no_rec,fixed,75,128.0,2500.0,0.0,550,550
123,yes,3,parents,36,19,single,yes_rec,fixed,35,47.0,0.0,0.0,500,700
124,no,11,owner,60,38,married,no_rec,freelance,35,122.0,3500.0,0.0,1000,1182
125,no,15,rent,24,42,married,yes_rec,fixed,41,64.0,0.0,0.0,200,400
126,no,25,rent,60,52,married,no_rec,fixed,73,127.0,0.0,0.0,1030,1250
127,yes,0,other,36,41,married,yes_rec,freelance,35,0.0,0.0,0.0,1000,1600
128,yes,0,parents,48,26,single,no_rec,fixed,35,120.0,0.0,0.0,1100,1100
129,no,21,owner,60,40,married,yes_rec,fixed,60,144.0,6500.0,0.0,2000,2230
130,yes,1,owner,60,40,married,yes_rec,fixed,60,155.0,2500.0,0.0,1650,1650
131,no,7,owner,60,33,single,no_rec,fixed,35,210.0,6000.0,0.0,1700,2414
132,no,4,rent,36,32,married,no_rec,fixed,55,100.0,0.0,0.0,300,500
133,no,2,rent,48,31,single,no_rec,fixed,43,75.0,0.0,0.0,800,900
134,yes,3,owner,36,28,married,no_rec,partime,35,100.0,3000.0,0.0,1000,1851
135,yes,0,rent,36,34,single,no_rec,partime,44,85.0,0.0,0.0,325,375
136,no,15,parents,60,34,married,no_rec,fixed,45,108.0,0.0,0.0,1000,1995
137,no,20,rent,48,59,married,no_rec,fixed,57,120.0,0.0,0.0,800,1298
138,no,2,rent,60,30,married,no_rec,fixed,92,170.0,0.0,0.0,1300,1525
139,no,5,owner,60,31,married,no_rec,fixed,75,90.0,4000.0,0.0,900,1500
140,no,6,owner,48,35,married,no_rec,freelance,60,0.0,3500.0,350.0,1300,1588
141,no,20,priv,60,59,married,no_rec,freelance,35,81.0,18000.0,0.0,1200,1349
142,yes,29,owner,60,52,married,no_rec,partime,45,175.0,2500.0,0.0,1186,1286
143,no,7,owner,18,40,married,yes_rec,fixed,75,169.0,4000.0,400.0,400,1717
144,no,0,parents,60,34,single,no_rec,others,45,158.0,2000.0,0.0,1020,1600
145,no,10,other,60,50,single,no_rec,fixed,35,147.0,0.0,0.0,1080,1152
146,no,10,other,60,36,married,no_rec,fixed,90,172.0,3000.0,0.0,1100,1100
147,no,15,owner,60,30,married,no_rec,fixed,60,140.0,4000.0,0.0,1500,1505
148,no,4,owner,48,49,single,yes_rec,fixed,35,183.0,8000.0,0.0,1200,1531
149,no,8,owner,12,39,married,no_rec,fixed,75,160.0,1500.0,0.0,360,865
150,no,19,owner,60,34,married,no_rec,fixed,75,125.0,5000.0,0.0,1200,1200
151,no,20,parents,36,45,married,no_rec,freelance,60,71.0,5000.0,0.0,1000,1390
152,no,8,rent,48,36,married,no_rec,fixed,76,159.0,0.0,0.0,830,939
153,no,11,parents,48,28,single,yes_rec,fixed,35,96.0,0.0,0.0,1100,1370
154,no,3,parents,60,26,single,no_rec,fixed,45,235.0,0.0,0.0,800,840
155,no,8,owner,36,31,married,yes_rec,freelance,75,411.0,9000.0,4000.0,800,1593
156,no,26,rent,36,61,married,no_rec,fixed,56,109.0,0.0,0.0,400,425
157,no,11,rent,60,58,married,no_rec,fixed,71,110.0,3000.0,0.0,1150,1363
158,no,4,owner,60,39,married,no_rec,freelance,45,0.0,7500.0,0.0,1300,1508
159,no,16,owner,60,31,married,no_rec,fixed,75,123.0,4000.0,0.0,700,1698
160,yes,6,owner,24,39,married,no_rec,fixed,75,58.0,2000.0,0.0,175,300
161,yes,0,ignore,36,45,married,no_rec,partime,75,87.0,1500.0,0.0,300,480
162,yes,4,priv,48,30,married,no_rec,fixed,105,72.0,2500.0,750.0,1200,1410
163,no,20,rent,24,40,married,no_rec,fixed,77,165.0,0.0,0.0,500,1532
164,no,5,rent,36,23,married,no_rec,fixed,68,81.0,0.0,0.0,400,400
165,yes,2,rent,60,42,married,no_rec,freelance,45,0.0,0.0,0.0,950,962
166,no,20,other,36,39,married,no_rec,fixed,60,102.0,0.0,0.0,650,1695
167,no,18,priv,60,42,married,no_rec,fixed,90,162.0,2500.0,400.0,1550,1615
168,no,2,parents,48,39,separated,no_rec,fixed,35,160.0,0.0,0.0,550,2340
169,no,5,rent,60,31,married,no_rec,fixed,86,109.0,0.0,0.0,830,1700
170,no,3,parents,60,27,single,no_rec,fixed,35,125.0,5000.0,0.0,770,1119
171,no,20,owner,60,47,married,no_rec,fixed,90,212.0,11000.0,0.0,1150,1669
172,no,5,parents,60,23,single,no_rec,fixed,35,120.0,0.0,0.0,1300,2100
173,no,20,rent,60,52,married,no_rec,freelance,70,250.0,4100.0,0.0,1200,1226
174,no,6,rent,36,24,married,no_rec,fixed,63,175.0,0.0,0.0,650,750
175,no,10,owner,6,39,married,no_rec,freelance,75,67.0,8000.0,0.0,430,500
176,no,8,owner,36,46,married,no_rec,fixed,35,160.0,6000.0,600.0,600,1100
177,yes,1,rent,36,24,married,no_rec,partime,76,164.0,0.0,0.0,900,950
178,yes,5,other,60,33,single,no_rec,fixed,35,57.0,0.0,0.0,1000,1415
179,no,18,owner,24,61,married,no_rec,freelance,45,119.0,8000.0,0.0,1100,1340
180,yes,3,owner,60,40,married,no_rec,freelance,75,246.0,2500.0,0.0,1300,1500
181,yes,0,parents,36,28,single,no_rec,partime,35,67.0,3500.0,0.0,1500,1539
182,no,6,owner,24,63,married,no_rec,fixed,60,155.0,4000.0,0.0,600,1048
183,no,3,owner,60,28,married,yes_rec,partime,60,122.0,5000.0,1000.0,800,1484
184,yes,1,other,60,33,single,no_rec,partime,35,96.0,0.0,0.0,700,1640
185,no,1,owner,60,30,married,no_rec,freelance,35,236.0,3500.0,1000.0,1000,1514
186,no,8,other,48,24,married,no_rec,fixed,45,56.0,0.0,0.0,770,1129
187,yes,13,rent,60,40,separated,no_rec,freelance,64,35.0,2500.0,0.0,1920,1920
188,no,2,owner,48,37,married,no_rec,fixed,75,135.0,18000.0,0.0,1000,1062
189,yes,1,rent,60,56,married,no_rec,partime,88,133.0,0.0,0.0,750,784
190,no,3,owner,36,42,married,no_rec,fixed,60,60.0,6000.0,0.0,1200,1500
191,no,3,parents,12,37,married,no_rec,freelance,60,150.0,500.0,0.0,500,1701
192,no,2,parents,24,23,single,no_rec,partime,35,93.0,2500.0,0.0,230,670
193,no,18,priv,60,48,widow,no_rec,freelance,45,200.0,8500.0,500.0,1300,1309
194,no,3,parents,18,24,single,no_rec,fixed,35,80.0,0.0,0.0,200,350
195,no,0,parents,36,26,married,no_rec,partime,60,142.0,0.0,0.0,1000,1426
196,no,3,owner,18,39,married,yes_rec,fixed,90,138.0,7000.0,0.0,500,700
197,no,10,owner,60,33,married,no_rec,freelance,45,150.0,13000.0,0.0,1500,2738
198,no,15,other,24,46,married,no_rec,fixed,75,150.0,18000.0,0.0,1400,1400
199,yes,0,owner,36,30,separated,no_rec,freelance,60,48.0,7000.0,0.0,300,365
200,no,15,owner,24,40,married,yes_rec,fixed,35,143.0,10000.0,0.0,3000,6468
201,no,0,rent,60,35,single,no_rec,fixed,60,250.0,0.0,0.0,1650,1673
202,no,0,parents,12,22,single,no_rec,others,35,42.0,0.0,0.0,200,748
203,yes,0,priv,6,22,single,yes_rec,partime,35,115.0,1000.0,0.0,250,800
204,no,3,priv,36,20,married,no_rec,fixed,45,50.0,1500.0,100.0,1000,1387
205,yes,13,parents,36,33,single,no_rec,fixed,35,109.0,0.0,0.0,350,350
206,no,2,other,36,35,separated,no_rec,fixed,35,200.0,0.0,0.0,1600,1671
207,no,6,rent,60,40,married,no_rec,fixed,54,92.0,0.0,0.0,1000,1155
208,yes,0,other,48,25,single,no_rec,fixed,35,139.0,0.0,0.0,1200,1202
209,yes,1,rent,60,41,married,no_rec,fixed,52,65.0,0.0,0.0,850,882
210,yes,1,parents,36,24,single,yes_rec,partime,35,50.0,0.0,0.0,1750,1850
211,no,0,parents,60,23,single,no_rec,partime,35,205.0,0.0,0.0,1100,1258
212,no,7,parents,36,24,single,no_rec,fixed,35,127.0,0.0,0.0,300,2612
213,no,3,owner,60,51,married,no_rec,fixed,35,123.0,25000.0,0.0,1800,2208
214,yes,0,owner,36,45,married,yes_rec,others,90,155.0,5000.0,0.0,300,1012
215,no,1,parents,48,23,single,no_rec,fixed,35,65.0,0.0,0.0,400,1195
216,no,2,owner,36,42,married,no_rec,fixed,75,220.0,3500.0,0.0,1500,2195
217,no,10,owner,60,38,married,no_rec,freelance,75,200.0,9000.0,0.0,1000,2089
218,no,3,parents,60,25,single,no_rec,fixed,35,174.0,0.0,0.0,1000,1252
219,yes,0,other,48,43,married,no_rec,fixed,75,0.0,0.0,0.0,1400,1590
220,no,12,owner,60,50,married,no_rec,fixed,45,99.0,5000.0,0.0,1100,1137
221,no,8,priv,36,33,married,no_rec,freelance,45,0.0,5100.0,0.0,600,1124
222,no,32,owner,24,62,married,no_rec,freelance,45,119.0,8500.0,0.0,700,1200
223,yes,1,parents,12,26,single,no_rec,partime,35,0.0,0.0,0.0,190,693
224,yes,0,other,60,42,married,yes_rec,fixed,165,0.0,0.0,0.0,1300,1750
225,no,14,rent,60,30,married,no_rec,fixed,55,95.0,0.0,0.0,850,1015
226,no,15,owner,60,32,divorced,no_rec,freelance,35,0.0,6000.0,3300.0,1550,1612
227,no,3,owner,12,24,single,yes_rec,fixed,35,105.0,6000.0,0.0,500,1138
228,yes,2,parents,60,35,married,no_rec,partime,45,85.0,0.0,0.0,1000,1542
229,yes,35,owner,48,52,married,no_rec,fixed,60,135.0,5000.0,0.0,1200,1400
230,yes,0,other,60,41,married,yes_rec,fixed,105,0.0,0.0,0.0,1000,2750
231,no,7,owner,60,47,married,no_rec,fixed,75,155.0,3000.0,200.0,675,975
232,no,1,owner,48,27,single,yes_rec,fixed,45,62.0,5000.0,0.0,1500,1788
233,no,1,parents,60,23,single,no_rec,fixed,35,53.0,80000.0,0.0,1150,1409
234,no,0,parents,36,27,single,no_rec,fixed,45,200.0,5000.0,0.0,800,1456
235,yes,3,rent,36,32,single,no_rec,freelance,35,0.0,0.0,0.0,950,1350
236,no,20,owner,60,54,married,no_rec,fixed,60,191.0,5000.0,0.0,600,1400
237,no,4,owner,60,28,married,no_rec,fixed,60,459.0,22000.0,9700.0,600,2150
238,yes,0,rent,30,30,married,no_rec,freelance,75,0.0,0.0,0.0,600,830
239,no,6,parents,36,26,married,no_rec,fixed,35,119.0,0.0,0.0,1000,2193
240,no,7,parents,48,31,single,yes_rec,fixed,35,72.0,5500.0,0.0,1000,1051
241,no,3,parents,48,25,single,no_rec,fixed,35,32.0,0.0,0.0,700,1114
242,no,22,owner,24,41,married,no_rec,fixed,90,125.0,4700.0,400.0,250,1035
243,no,11,owner,18,37,married,no_rec,fixed,45,115.0,20000.0,0.0,600,1200
244,no,0,owner,36,33,married,no_rec,fixed,45,265.0,2500.0,1100.0,1400,2189
245,no,14,owner,60,34,married,no_rec,fixed,45,130.0,4000.0,0.0,1100,1654
246,no,4,owner,60,37,married,no_rec,freelance,35,128.0,18000.0,0.0,800,1560
247,no,3,owner,60,35,married,no_rec,fixed,60,104.0,5000.0,0.0,1000,1317
248,no,4,priv,36,31,married,no_rec,fixed,60,144.0,3000.0,0.0,1000,1218
249,no,20,owner,36,42,married,no_rec,freelance,90,250.0,4500.0,0.0,1500,1750
250,no,0,owner,12,65,married,no_rec,others,60,115.0,3500.0,0.0,200,431
251,no,0,parents,24,36,married,no_rec,others,90,31.0,0.0,0.0,625,725
252,no,2,rent,60,53,widow,no_rec,fixed,46,114.0,0.0,0.0,1050,1348
253,no,2,rent,60,28,single,no_rec,fixed,47,115.0,0.0,0.0,1000,1015
254,no,2,rent,12,34,married,no_rec,freelance,69,240.0,0.0,0.0,500,700
255,no,9,owner,60,32,married,no_rec,fixed,45,103.0,4500.0,0.0,1100,1293
256,no,14,owner,60,37,married,no_rec,fixed,60,79.0,3500.0,0.0,700,1700
257,no,3,owner,60,30,married,no_rec,fixed,45,95.0,3700.0,1250.0,1300,1665
258,no,3,parents,18,21,single,yes_rec,fixed,35,75.0,0.0,0.0,500,1364
259,yes,0,priv,36,24,married,yes_rec,partime,60,169.0,1500.0,0.0,690,790
260,no,16,owner,60,31,married,no_rec,fixed,35,218.0,14000.0,2800.0,300,1373
261,yes,0,owner,60,37,married,no_rec,freelance,90,0.0,8000.0,4000.0,1550,1557
262,no,5,rent,60,28,married,no_rec,freelance,77,171.0,0.0,0.0,2500,3070
263,yes,2,parents,60,25,single,yes_rec,partime,35,65.0,0.0,0.0,1500,1892
264,yes,2,rent,48,31,married,no_rec,freelance,102,268.0,0.0,0.0,1400,1635
265,yes,0,parents,36,29,separated,no_rec,freelance,35,0.0,0.0,0.0,650,975
266,no,0,parents,48,21,single,no_rec,fixed,35,70.0,0.0,0.0,1250,1365
267,no,1,priv,36,34,married,no_rec,fixed,45,100.0,1800.0,1500.0,700,1296
268,no,14,rent,60,41,married,no_rec,fixed,53,181.0,0.0,0.0,1150,2497
269,no,1,parents,36,23,single,no_rec,fixed,35,95.0,0.0,0.0,1000,1639
270,no,0,parents,48,22,single,no_rec,freelance,45,0.0,0.0,0.0,4000,4500
271,no,3,rent,60,30,married,no_rec,fixed,77,169.0,0.0,0.0,1500,2037
272,no,2,parents,60,32,married,no_rec,partime,75,60.0,0.0,0.0,1100,1347
273,no,4,other,60,28,married,no_rec,fixed,60,143.0,0.0,0.0,1150,1630
274,yes,1,owner,60,55,married,yes_rec,others,45,136.0,30000.0,0.0,1400,1424
275,no,6,parents,60,31,married,no_rec,fixed,45,199.0,0.0,0.0,1200,1700
276,no,5,owner,60,32,married,no_rec,fixed,45,145.0,13000.0,0.0,1500,1850
277,no,13,owner,60,45,married,no_rec,fixed,90,135.0,4750.0,3500.0,1100,1369
278,yes,20,other,60,47,married,yes_rec,fixed,105,0.0,0.0,0.0,750,843
279,yes,2,priv,60,38,married,no_rec,partime,60,150.0,4000.0,0.0,1000,1270
280,yes,2,owner,60,27,married,yes_rec,fixed,60,115.0,4000.0,800.0,2250,2850
281,no,1,owner,48,42,married,no_rec,fixed,75,155.0,8000.0,0.0,600,1680
282,no,5,owner,60,31,single,no_rec,fixed,35,172.0,8000.0,0.0,850,1934
283,no,1,other,36,32,single,no_rec,freelance,35,0.0,0.0,0.0,1000,1172
284,yes,1,parents,48,25,single,no_rec,freelance,35,0.0,0.0,0.0,1800,1809
285,no,3,owner,60,36,married,no_rec,freelance,60,139.0,6000.0,0.0,1200,1343
286,no,18,rent,60,38,married,no_rec,fixed,56,108.0,0.0,0.0,1000,1307
287,yes,14,owner,60,38,married,yes_rec,fixed,60,145.0,5000.0,2400.0,1200,1383
288,no,4,owner,60,22,single,no_rec,others,35,130.0,4000.0,0.0,750,997
289,no,3,rent,48,32,married,no_rec,fixed,57,121.0,0.0,0.0,1200,1952
290,yes,0,rent,48,28,married,no_rec,partime,66,64.0,0.0,0.0,1100,1365
291,no,2,rent,60,29,married,yes_rec,fixed,69,91.0,0.0,0.0,1000,1268
292,yes,2,priv,48,44,married,no_rec,others,60,95.0,4300.0,0.0,1250,1250
293,no,12,owner,60,31,married,no_rec,fixed,35,183.0,10000.0,2200.0,1300,1349
294,yes,14,rent,60,63,married,no_rec,fixed,73,127.0,0.0,0.0,1400,1496
295,no,0,rent,36,25,single,no_rec,partime,44,93.0,0.0,0.0,800,1212
296,yes,1,priv,36,28,married,no_rec,freelance,45,0.0,6000.0,0.0,1000,1150
297,no,0,owner,24,18,single,no_rec,partime,35,104.0,12000.0,0.0,1700,1726
298,no,17,owner,60,47,married,no_rec,fixed,60,92.0,4500.0,0.0,1100,1194
299,yes,2,parents,30,25,married,no_rec,freelance,35,31.0,0.0,0.0,250,550
300,yes,1,owner,60,37,married,no_rec,freelance,60,200.0,9000.0,0.0,1400,1493
301,yes,0,other,60,31,married,no_rec,freelance,60,0.0,0.0,0.0,1400,1500
302,no,2,other,36,44,married,yes_rec,freelance,120,150.0,0.0,0.0,800,800
303,no,10,rent,48,53,married,no_rec,fixed,48,127.0,0.0,0.0,500,1000
304,yes,11,owner,36,37,married,yes_rec,freelance,60,205.0,13600.0,4500.0,450,625
305,no,0,owner,48,65,married,no_rec,others,45,175.0,5000.0,0.0,600,1176
306,no,4,parents,60,22,single,no_rec,fixed,35,80.0,0.0,0.0,1200,1425
307,no,0,owner,60,61,widow,no_rec,others,35,230.0,50000.0,0.0,950,1150
308,yes,6,rent,60,45,married,no_rec,fixed,59,139.0,0.0,0.0,1350,1612
309,no,6,rent,60,34,married,no_rec,fixed,86,110.0,0.0,0.0,800,2263
310,no,4,ignore,18,37,married,no_rec,fixed,45,200.0,3000.0,0.0,400,1800
311,no,3,rent,48,36,married,no_rec,fixed,85,104.0,5000.0,0.0,1700,1797
312,yes,5,owner,36,32,married,no_rec,freelance,75,125.0,6000.0,0.0,600,700
313,no,3,parents,60,36,married,no_rec,fixed,75,180.0,0.0,0.0,1200,1372
314,no,14,owner,60,45,married,no_rec,fixed,120,250.0,18000.0,0.0,450,911
315,no,4,owner,36,23,married,no_rec,fixed,75,168.0,4000.0,0.0,1100,1385
316,no,2,owner,36,31,married,no_rec,freelance,60,92.0,2500.0,850.0,600,1638
317,no,25,owner,48,49,married,no_rec,fixed,60,150.0,6000.0,0.0,650,1265
318,yes,1,owner,48,39,married,yes_rec,freelance,60,0.0,6000.0,0.0,1300,3626
319,no,2,rent,60,36,single,no_rec,fixed,52,170.0,0.0,0.0,1300,1400
320,no,25,priv,12,55,single,no_rec,freelance,35,92.0,25000.0,0.0,150,400
321,no,6,parents,48,37,married,no_rec,fixed,45,179.0,0.0,0.0,1000,1530
322,no,4,parents,48,21,single,no_rec,fixed,35,60.0,4000.0,0.0,600,1320
323,yes,1,rent,48,30,single,no_rec,freelance,35,0.0,0.0,0.0,1300,1500
324,yes,14,rent,60,41,married,no_rec,fixed,54,92.0,0.0,0.0,1450,1482
325,yes,4,priv,60,43,married,yes_rec,fixed,45,109.0,0.0,0.0,1050,1530
326,yes,2,rent,60,41,married,yes_rec,fixed,57,124.0,0.0,0.0,1200,1496
327,no,3,owner,24,51,married,no_rec,freelance,60,0.0,26000.0,300.0,3000,6900
328,no,0,owner,60,44,married,no_rec,fixed,75,97.0,6500.0,0.0,1000,1147
329,yes,1,parents,48,18,single,no_rec,partime,45,95.0,4000.0,0.0,600,1472
330,no,1,rent,48,34,married,no_rec,fixed,55,102.0,0.0,0.0,600,1074
331,no,15,owner,48,31,married,no_rec,fixed,60,131.0,3000.0,0.0,770,872
332,no,11,parents,48,37,single,no_rec,fixed,35,199.0,10000.0,0.0,1100,1212
333,no,15,owner,60,29,single,no_rec,fixed,35,130.0,5000.0,0.0,830,1000
334,yes,4,other,36,54,married,no_rec,freelance,60,0.0,0.0,0.0,250,350
335,no,34,owner,60,50,married,yes_rec,fixed,60,150.0,9000.0,0.0,1300,1700
336,no,20,rent,36,56,married,yes_rec,fixed,77,173.0,0.0,0.0,1100,1256
337,no,10,owner,24,46,married,no_rec,freelance,120,400.0,6000.0,2700.0,600,1080
338,no,16,owner,60,40,married,yes_rec,fixed,75,120.0,5000.0,2000.0,400,1309
339,no,6,owner,48,34,married,no_rec,freelance,60,125.0,4000.0,0.0,1150,1577
340,no,3,owner,24,32,married,no_rec,fixed,45,120.0,5000.0,0.0,800,1023
341,no,4,parents,60,27,married,no_rec,freelance,35,0.0,0.0,0.0,1050,1214
342,no,4,owner,60,32,married,no_rec,fixed,60,147.0,3500.0,0.0,830,935
343,no,8,owner,60,30,married,no_rec,fixed,75,199.0,5000.0,2500.0,1500,1650
344,no,2,owner,48,30,married,no_rec,fixed,75,180.0,4000.0,0.0,1500,2065
345,no,1,rent,60,21,married,no_rec,fixed,58,132.0,0.0,0.0,1275,1381
346,no,20,owner,60,50,married,no_rec,fixed,60,170.0,6000.0,0.0,1300,1404
347,no,4,other,60,37,married,yes_rec,freelance,60,61.0,0.0,0.0,1420,1450
348,yes,1,rent,36,23,married,no_rec,partime,54,88.0,0.0,0.0,600,750
349,no,3,parents,36,24,separated,no_rec,fixed,45,113.0,0.0,0.0,850,940
350,no,18,owner,60,36,married,no_rec,fixed,45,85.0,3000.0,0.0,1500,1856
351,yes,1,rent,36,24,married,no_rec,freelance,44,90.0,0.0,0.0,1050,1493
352,no,0,owner,60,30,married,no_rec,fixed,45,80.0,2000.0,200.0,1000,1331
353,yes,5,priv,60,37,married,no_rec,partime,60,95.0,2000.0,0.0,1065,1165
354,no,1,parents,30,22,single,no_rec,fixed,35,80.0,4000.0,0.0,600,850
355,yes,3,parents,48,23,single,no_rec,freelance,35,182.0,0.0,0.0,1100,1427
356,yes,0,rent,60,39,single,yes_rec,fixed,35,0.0,0.0,0.0,2350,2679
357,yes,0,other,60,51,married,no_rec,freelance,60,0.0,0.0,0.0,1300,1321
358,no,20,owner,24,51,married,no_rec,fixed,45,185.0,10000.0,0.0,600,750
359,yes,0,owner,48,39,married,yes_rec,partime,45,132.0,3500.0,0.0,1000,1603
360,no,30,owner,30,61,married,no_rec,fixed,60,320.0,4000.0,0.0,700,1054
361,no,5,rent,60,37,married,no_rec,fixed,93,176.0,0.0,0.0,1800,2450
362,no,13,owner,48,40,married,no_rec,fixed,60,123.0,4000.0,0.0,900,1054
363,no,25,owner,36,52,married,no_rec,freelance,60,150.0,15000.0,0.0,750,1778
364,no,12,owner,48,31,married,no_rec,fixed,60,84.0,5000.0,0.0,700,1702
365,no,12,owner,48,31,divorced,no_rec,fixed,35,117.0,4000.0,0.0,660,933
366,yes,4,owner,60,35,married,yes_rec,freelance,45,0.0,15000.0,3000.0,2000,2477
367,no,11,owner,60,34,married,no_rec,fixed,35,100.0,3500.0,0.0,950,1241
368,yes,3,owner,60,26,married,no_rec,partime,45,120.0,6100.0,1500.0,1000,1403
369,no,1,parents,12,53,single,no_rec,fixed,35,160.0,0.0,0.0,250,1456
370,no,2,rent,36,29,married,no_rec,fixed,88,130.0,0.0,0.0,500,600
371,no,9,owner,48,47,married,no_rec,freelance,35,183.0,45000.0,1700.0,3000,3690
372,no,5,owner,60,28,married,yes_rec,freelance,75,240.0,3000.0,0.0,1300,1585
373,no,4,owner,48,36,married,no_rec,fixed,60,133.0,4000.0,0.0,1000,1595
374,yes,24,other,60,41,married,yes_rec,freelance,75,0.0,0.0,0.0,2200,2428
375,no,15,other,36,39,separated,no_rec,fixed,45,116.0,4000.0,0.0,600,1196
376,no,8,priv,48,25,single,no_rec,fixed,45,180.0,1500.0,0.0,1100,1200
377,no,2,owner,60,27,married,no_rec,fixed,45,120.0,5000.0,400.0,1000,1140
378,yes,4,owner,60,37,married,no_rec,fixed,75,116.0,3000.0,575.0,950,950
379,no,17,rent,48,37,married,no_rec,fixed,53,181.0,0.0,0.0,1050,1317
380,no,40,owner,48,60,married,no_rec,freelance,75,183.0,5000.0,0.0,1200,1308
381,no,15,other,48,33,married,no_rec,fixed,45,125.0,0.0,0.0,1000,1587
382,no,11,owner,36,32,married,no_rec,fixed,60,101.0,12000.0,2400.0,965,1265
383,no,8,owner,36,30,married,no_rec,fixed,60,50.0,5000.0,400.0,300,1890
384,yes,11,owner,60,42,married,no_rec,fixed,60,80.0,3600.0,0.0,1200,1322
385,yes,6,owner,48,58,married,yes_rec,freelance,60,400.0,86000.0,0.0,930,945
386,no,10,rent,30,34,separated,no_rec,fixed,45,100.0,0.0,0.0,700,1480
387,yes,12,owner,60,34,married,no_rec,fixed,60,115.0,4000.0,0.0,1650,1686
388,no,2,owner,36,42,married,no_rec,partime,75,92.0,3000.0,0.0,550,850
389,no,5,owner,60,40,married,no_rec,fixed,75,86.0,4900.0,0.0,1300,1581
390,no,11,parents,60,41,separated,yes_rec,fixed,35,100.0,0.0,0.0,1250,1549
391,no,7,other,36,33,married,yes_rec,fixed,75,300.0,30000.0,0.0,800,1151
392,no,14,owner,60,35,married,no_rec,fixed,35,80.0,3500.0,0.0,1100,1622
393,no,8,parents,60,31,single,no_rec,freelance,35,107.0,0.0,0.0,1250,1499
394,no,10,rent,60,24,married,no_rec,fixed,53,80.0,0.0,0.0,400,650
395,no,21,owner,36,37,married,no_rec,fixed,75,300.0,7000.0,3500.0,1100,1876
396,no,6,parents,18,27,single,no_rec,freelance,35,140.0,0.0,0.0,600,2724
397,no,14,owner,60,29,married,no_rec,fixed,35,143.0,5000.0,0.0,1400,1668
398,yes,4,rent,60,42,divorced,yes_rec,fixed,70,350.0,0.0,0.0,2200,2441
399,yes,20,owner,60,44,married,yes_rec,freelance,75,60.0,3000.0,0.0,1500,1912
400,no,20,owner,24,54,married,no_rec,fixed,35,175.0,11500.0,0.0,500,1080
401,no,0,owner,48,44,married,no_rec,partime,75,120.0,4000.0,0.0,900,1204
402,yes,7,owner,48,29,married,no_rec,fixed,60,62.0,4000.0,0.0,984,984
403,yes,18,rent,24,35,married,no_rec,partime,96,63.0,0.0,0.0,600,888
404,yes,2,owner,36,33,married,no_rec,freelance,75,220.0,16000.0,500.0,3000,4100
405,yes,5,rent,36,22,single,no_rec,fixed,42,70.0,0.0,0.0,850,870
406,no,18,parents,60,32,married,no_rec,fixed,75,152.0,5000.0,0.0,1400,1640
407,no,6,owner,24,45,married,no_rec,freelance,90,150.0,5000.0,0.0,250,450
408,no,27,owner,18,48,married,no_rec,freelance,35,70.0,5000.0,0.0,800,1578
409,no,20,owner,24,42,married,yes_rec,freelance,60,145.0,10000.0,0.0,1000,1622
410,no,12,owner,18,31,married,yes_rec,fixed,60,153.0,4500.0,400.0,600,1850
411,no,4,rent,60,27,single,no_rec,fixed,43,76.0,0.0,0.0,650,1070
412,no,0,priv,48,45,married,no_rec,fixed,75,194.0,3000.0,100.0,1000,1429
413,no,10,other,42,26,single,no_rec,fixed,35,67.0,0.0,0.0,800,1400
414,no,37,owner,60,56,widow,no_rec,fixed,35,300.0,10000.0,0.0,1300,1750
415,yes,0,owner,48,38,married,no_rec,freelance,90,38.0,2800.0,0.0,1050,1238
416,no,12,owner,60,28,married,no_rec,fixed,45,167.0,3000.0,1750.0,250,1188
417,no,5,rent,24,31,married,no_rec,fixed,84,90.0,0.0,0.0,400,2230
418,no,1,parents,60,21,single,no_rec,partime,35,42.0,0.0,0.0,1100,1112
419,no,7,owner,60,52,widow,no_rec,fixed,35,112.0,4500.0,0.0,1350,1445
420,no,4,rent,48,28,single,no_rec,fixed,45,100.0,0.0,0.0,750,954
421,no,0,parents,48,24,single,no_rec,partime,45,76.0,0.0,0.0,1640,1649
422,no,23,owner,36,59,married,no_rec,fixed,35,100.0,7000.0,0.0,850,1334
423,no,8,owner,36,52,married,no_rec,fixed,60,695.0,18000.0,0.0,750,2095
424,no,7,owner,24,41,married,no_rec,freelance,45,0.0,6000.0,0.0,1200,2676
425,no,23,owner,48,60,married,no_rec,fixed,35,80.0,3000.0,0.0,1150,1242
426,no,30,owner,12,52,married,no_rec,freelance,45,80.0,7000.0,0.0,1100,2487
427,no,9,other,36,32,single,no_rec,fixed,35,125.0,0.0,0.0,1000,1725
428,no,13,owner,48,36,married,no_rec,fixed,45,124.0,3000.0,0.0,700,1365
429,no,5,owner,36,65,single,no_rec,others,35,121.0,10000.0,0.0,900,1191
430,no,11,owner,60,26,married,no_rec,fixed,45,120.0,5000.0,0.0,1350,1498
431,no,40,rent,36,59,married,no_rec,fixed,59,142.0,0.0,0.0,1000,1800
432,no,10,owner,60,31,single,no_rec,fixed,35,80.0,2500.0,900.0,1100,1320
433,no,20,rent,24,40,married,no_rec,fixed,87,117.0,0.0,0.0,350,350
434,no,6,parents,36,29,married,no_rec,fixed,105,168.0,14000.0,0.0,650,679
435,no,1,parents,24,21,single,no_rec,partime,45,114.0,2500.0,500.0,500,1154
436,yes,0,other,42,23,single,no_rec,partime,35,0.0,0.0,0.0,1100,1135
437,yes,0,owner,60,39,married,yes_rec,freelance,45,80.0,6000.0,0.0,1100,1131
438,yes,2,owner,60,27,single,yes_rec,fixed,35,120.0,8000.0,0.0,975,1140
439,no,1,parents,60,22,single,no_rec,fixed,35,109.0,0.0,0.0,1000,1466
440,yes,1,owner,12,56,married,no_rec,others,60,0.0,3500.0,0.0,500,1705
441,yes,5,rent,36,32,married,yes_rec,freelance,64,42.0,15000.0,0.0,1300,1450
442,yes,26,priv,60,41,separated,yes_rec,fixed,35,201.0,4700.0,3100.0,2400,2700
443,no,24,owner,60,42,married,no_rec,fixed,75,137.0,4000.0,0.0,900,1167
444,no,45,other,48,62,married,no_rec,fixed,45,100.0,0.0,0.0,450,935
445,yes,1,parents,36,23,single,no_rec,partime,35,110.0,0.0,0.0,650,710
446,yes,1,rent,60,26,married,no_rec,partime,48,127.0,0.0,0.0,1250,1655
447,no,8,owner,36,40,married,no_rec,freelance,75,200.0,10000.0,0.0,700,800
448,no,0,owner,60,47,married,no_rec,freelance,45,56.0,6000.0,0.0,1345,1345
449,no,20,rent,60,35,single,no_rec,fixed,56,110.0,0.0,0.0,1000,1279
450,no,35,rent,42,52,married,yes_rec,fixed,58,130.0,2000.0,0.0,1000,1777
451,no,7,rent,60,60,married,no_rec,fixed,68,77.0,4000.0,0.0,800,1054
452,no,10,owner,60,49,married,no_rec,freelance,60,150.0,23000.0,0.0,1200,1390
453,no,4,rent,12,28,single,no_rec,fixed,40,51.0,0.0,0.0,300,1469
454,no,14,owner,60,35,married,no_rec,fixed,75,205.0,5000.0,0.0,1350,1442
455,no,35,owner,60,52,married,no_rec,freelance,45,90.0,14000.0,0.0,2900,4600
456,yes,1,priv,60,41,married,yes_rec,fixed,45,77.0,4000.0,0.0,1300,1673
457,no,2,parents,24,26,single,no_rec,fixed,35,88.0,0.0,0.0,325,450
458,no,2,other,18,25,married,yes_rec,freelance,60,0.0,0.0,0.0,850,1400
459,yes,8,rent,60,30,married,no_rec,fixed,85,103.0,0.0,0.0,1090,1090
460,no,14,owner,30,37,married,no_rec,fixed,60,121.0,5000.0,0.0,650,1708
461,no,35,owner,48,50,single,no_rec,freelance,35,100.0,12000.0,0.0,800,1161
462,yes,0,owner,60,36,married,no_rec,partime,90,113.0,4000.0,198.0,400,790
463,no,10,owner,48,37,married,no_rec,fixed,75,350.0,7000.0,0.0,1000,1628
464,no,0,owner,60,27,single,no_rec,fixed,35,87.0,15000.0,0.0,1000,1034
465,yes,0,rent,36,38,separated,no_rec,fixed,48,125.0,0.0,0.0,500,585
466,yes,2,rent,18,46,married,yes_rec,fixed,74,140.0,0.0,0.0,200,380
467,no,10,priv,48,28,single,no_rec,fixed,35,129.0,3500.0,933.0,1000,1529
468,no,13,parents,60,28,married,no_rec,fixed,35,138.0,0.0,0.0,1080,1192
469,yes,1,other,48,27,single,yes_rec,partime,35,105.0,0.0,0.0,1300,1533
470,yes,16,rent,24,40,married,no_rec,freelance,65,50.0,10000.0,5000.0,1400,1636
471,no,10,owner,60,40,married,no_rec,fixed,60,194.0,7000.0,0.0,1600,2171
472,yes,2,owner,60,44,married,no_rec,fixed,60,88.0,2000.0,0.0,1450,1452
473,no,2,owner,60,35,married,no_rec,others,60,175.0,2500.0,0.0,1250,1412
474,no,19,owner,60,34,married,no_rec,fixed,60,196.0,7000.0,1000.0,1690,1930
475,no,8,rent,48,39,married,no_rec,freelance,66,60.0,0.0,0.0,700,1580
476,no,6,priv,60,34,married,no_rec,fixed,45,124.0,1500.0,100.0,1100,1392
477,no,3,parents,24,20,single,no_rec,fixed,35,170.0,2000.0,0.0,500,1624
478,no,14,priv,60,38,married,no_rec,fixed,60,110.0,8000.0,400.0,450,1133
479,no,22,rent,60,47,married,no_rec,fixed,56,114.0,0.0,0.0,1000,1163
480,no,15,rent,48,33,married,no_rec,fixed,78,179.0,0.0,0.0,1150,1661
481,no,22,owner,18,57,married,yes_rec,fixed,45,150.0,6000.0,0.0,500,1727
482,no,7,owner,60,44,married,no_rec,fixed,90,271.0,11000.0,5500.0,800,945
483,no,22,owner,60,42,married,yes_rec,fixed,45,120.0,5000.0,0.0,1350,1650
484,no,15,rent,60,42,married,no_rec,fixed,58,130.0,0.0,0.0,1000,1308
485,yes,8,rent,60,25,married,yes_rec,fixed,73,280.0,0.0,0.0,600,1364
486,no,18,owner,36,41,married,no_rec,fixed,45,104.0,12000.0,800.0,900,1607
487,no,4,rent,60,25,married,no_rec,fixed,51,163.0,0.0,0.0,1000,1197
488,no,11,parents,60,27,single,yes_rec,fixed,35,57.0,0.0,0.0,600,1537
489,no,10,other,60,31,married,no_rec,fixed,45,125.0,0.0,0.0,1200,1682
490,no,13,other,60,40,married,no_rec,fixed,60,140.0,0.0,0.0,700,1465
491,no,7,priv,12,30,single,no_rec,freelance,35,0.0,3000.0,0.0,600,670
492,no,3,owner,24,43,married,no_rec,freelance,75,0.0,3000.0,0.0,650,1548
493,no,17,owner,48,48,married,no_rec,freelance,45,0.0,11500.0,200.0,2000,2284
494,no,2,rent,60,28,single,no_rec,fixed,43,81.0,0.0,0.0,1000,1135
495,no,8,owner,60,24,single,no_rec,freelance,35,265.0,8000.0,0.0,1200,1590
496,no,5,rent,36,40,separated,no_rec,fixed,43,75.0,0.0,0.0,400,650
497,no,3,parents,60,30,single,no_rec,fixed,35,86.0,0.0,0.0,750,829
498,no,0,parents,60,21,single,no_rec,freelance,35,44.0,0.0,0.0,1200,1311
499,yes,2,owner,36,29,single,no_rec,freelance,35,71.0,3000.0,0.0,950,1300
500,yes,10,owner,60,56,married,no_rec,fixed,60,161.0,5000.0,0.0,1500,1844
501,no,5,owner,60,35,married,no_rec,freelance,45,0.0,25000.0,0.0,1500,1850
502,yes,2,priv,60,53,married,no_rec,partime,75,170.0,3000.0,180.0,1900,2180
503,no,39,owner,60,58,married,no_rec,fixed,35,113.0,3500.0,0.0,1380,1623
504,no,1,parents,60,33,married,no_rec,fixed,60,355.0,12000.0,0.0,1900,2150
505,no,8,priv,12,31,single,yes_rec,freelance,35,0.0,5000.0,0.0,1700,2963
506,yes,2,rent,60,42,single,yes_rec,fixed,35,0.0,0.0,0.0,1900,2259
507,no,21,owner,36,44,married,no_rec,fixed,75,170.0,4000.0,0.0,1200,1650
508,no,25,other,18,43,married,no_rec,fixed,75,85.0,700.0,0.0,400,1205
509,no,19,owner,36,33,married,no_rec,fixed,60,115.0,6700.0,2000.0,1000,2084
510,no,10,owner,48,55,widow,no_rec,fixed,35,189.0,9000.0,0.0,1200,1255
511,no,10,owner,60,38,married,no_rec,fixed,45,184.0,6000.0,1000.0,1125,1325
512,no,30,owner,60,49,widow,no_rec,fixed,35,120.0,4000.0,0.0,1100,1152
513,no,8,owner,60,42,married,yes_rec,freelance,75,290.0,10000.0,0.0,1200,2140
514,no,14,owner,36,56,married,no_rec,fixed,35,160.0,2000.0,0.0,550,685
515,yes,0,other,60,40,married,yes_rec,fixed,75,260.0,2500.0,0.0,1500,1607
516,no,11,other,12,41,single,no_rec,fixed,35,135.0,0.0,0.0,1000,1300
517,no,25,owner,18,40,married,no_rec,fixed,45,110.0,4000.0,0.0,455,1542
518,no,8,rent,60,26,married,no_rec,fixed,59,140.0,0.0,0.0,1400,1538
519,no,5,parents,12,32,married,no_rec,freelance,35,147.0,0.0,0.0,300,750
520,yes,2,other,36,49,married,yes_rec,others,45,50.0,0.0,0.0,1600,2640
521,no,5,rent,24,41,separated,no_rec,fixed,44,90.0,0.0,0.0,550,1319
522,yes,1,rent,60,37,separated,yes_rec,partime,66,60.0,0.0,0.0,1500,2800
523,yes,2,owner,60,25,single,no_rec,partime,35,95.0,4500.0,3000.0,1080,1296
524,no,0,other,48,23,single,no_rec,fixed,35,60.0,0.0,0.0,1000,1294
525,no,24,owner,60,46,married,no_rec,fixed,60,140.0,6000.0,1000.0,1100,1653
526,no,1,owner,48,46,married,no_rec,fixed,90,170.0,14000.0,0.0,1000,1125
527,no,3,owner,36,49,married,no_rec,freelance,45,64.0,4000.0,0.0,400,773
528,yes,12,owner,60,37,married,no_rec,fixed,60,98.0,9000.0,200.0,800,1012
529,no,1,parents,12,21,single,no_rec,others,35,0.0,0.0,0.0,800,1428
530,no,4,owner,48,32,married,no_rec,fixed,45,208.0,6500.0,5000.0,1000,1323
531,no,8,parents,48,28,single,no_rec,fixed,35,115.0,500.0,0.0,360,363
532,no,17,owner,24,50,married,no_rec,freelance,60,285.0,22000.0,700.0,500,1321
533,no,5,rent,12,35,married,yes_rec,freelance,96,210.0,0.0,0.0,300,700
534,yes,11,rent,48,53,married,yes_rec,fixed,81,210.0,0.0,0.0,1260,1538
535,yes,5,other,48,22,single,no_rec,fixed,35,82.0,0.0,0.0,480,1910
536,no,19,rent,60,38,married,no_rec,fixed,86,108.0,0.0,0.0,1000,1132
537,yes,5,rent,48,31,married,yes_rec,fixed,60,150.0,0.0,0.0,800,1707
538,no,5,owner,24,24,single,no_rec,fixed,35,78.0,6000.0,3000.0,500,2262
539,no,20,rent,60,38,married,no_rec,fixed,74,140.0,0.0,0.0,1500,1600
540,yes,2,rent,60,62,married,yes_rec,others,41,57.0,8000.0,0.0,1200,1500
541,no,20,rent,60,61,married,no_rec,fixed,81,211.0,0.0,0.0,1475,1475
542,yes,0,other,48,56,married,no_rec,others,45,105.0,25000.0,0.0,1900,2150
543,no,5,owner,48,33,married,no_rec,fixed,75,158.0,4000.0,1100.0,1250,1550
544,no,18,rent,36,41,single,no_rec,freelance,40,53.0,0.0,0.0,750,1077
545,no,20,owner,12,43,married,no_rec,freelance,90,0.0,3000.0,0.0,500,1909
546,yes,1,other,60,32,married,yes_rec,partime,35,114.0,4000.0,500.0,1150,1661
547,yes,21,priv,60,36,married,no_rec,fixed,45,179.0,3500.0,0.0,2000,2220
548,no,13,rent,60,36,married,no_rec,fixed,84,92.0,0.0,0.0,1200,1271
549,no,2,rent,36,27,single,no_rec,fixed,70,97.0,0.0,0.0,500,985
550,no,4,owner,36,42,single,no_rec,fixed,35,115.0,12000.0,0.0,900,1299
551,no,8,owner,36,60,married,no_rec,freelance,45,78.0,11000.0,0.0,500,670
552,yes,0,parents,36,30,single,no_rec,others,45,32.0,0.0,0.0,650,750
553,no,1,owner,36,30,married,no_rec,freelance,75,0.0,6000.0,0.0,700,850
554,no,10,owner,12,34,married,no_rec,fixed,75,80.0,4500.0,3500.0,300,1600
555,no,27,rent,24,50,married,no_rec,fixed,47,115.0,0.0,0.0,500,1636
556,no,1,other,42,33,married,yes_rec,fixed,90,138.0,3500.0,606.0,1400,1700
557,no,20,owner,60,53,married,yes_rec,freelance,75,350.0,6500.0,0.0,800,1138
558,no,1,priv,36,28,married,no_rec,fixed,60,110.0,4500.0,0.0,350,450
559,no,14,rent,48,29,married,no_rec,fixed,52,70.0,0.0,0.0,800,1210
560,no,20,owner,18,40,married,no_rec,fixed,75,210.0,3500.0,0.0,800,1717
561,no,0,parents,60,20,married,no_rec,freelance,45,100.0,0.0,0.0,1850,2150
562,yes,20,priv,60,40,married,no_rec,fixed,75,83.0,3000.0,0.0,1300,1435
563,yes,3,priv,60,32,married,yes_rec,fixed,60,200.0,4500.0,2000.0,1600,1759
564,yes,2,rent,60,43,married,yes_rec,partime,84,86.0,0.0,0.0,1650,1782
565,yes,2,rent,60,35,married,yes_rec,freelance,75,0.0,0.0,0.0,1000,1206
566,no,24,owner,36,42,married,no_rec,fixed,90,97.0,5800.0,0.0,500,1536
567,yes,15,owner,60,53,separated,no_rec,fixed,35,95.0,16500.0,0.0,1600,1955
568,no,4,rent,36,35,married,no_rec,partime,52,72.0,0.0,0.0,350,899
569,yes,1,parents,60,23,single,no_rec,fixed,35,100.0,0.0,0.0,1600,1642
570,no,5,owner,6,31,married,no_rec,freelance,60,150.0,5000.0,0.0,300,1200
571,no,4,priv,24,44,married,no_rec,fixed,75,96.0,4000.0,0.0,580,923
572,no,17,rent,30,45,married,no_rec,fixed,55,104.0,0.0,0.0,550,575
573,yes,1,priv,48,63,married,no_rec,others,35,0.0,2000.0,0.0,500,1400
574,yes,1,parents,36,23,single,no_rec,partime,35,70.0,2000.0,0.0,1050,1410
575,yes,6,parents,60,38,married,no_rec,fixed,45,75.0,0.0,0.0,1175,1800
576,no,3,owner,60,38,married,no_rec,freelance,60,100.0,18000.0,0.0,1500,2360
577,yes,0,rent,60,41,married,yes_rec,fixed,95,50.0,7000.0,4000.0,1600,1601
578,no,14,owner,60,54,married,no_rec,fixed,60,90.0,5000.0,0.0,800,1517
579,yes,0,parents,12,23,single,no_rec,partime,35,37.0,2500.0,0.0,120,300
580,no,1,owner,36,20,married,no_rec,freelance,45,110.0,11500.0,0.0,700,770
581,no,4,rent,6,28,married,no_rec,fixed,66,60.0,0.0,0.0,200,1566
582,no,16,owner,36,55,married,no_rec,fixed,35,140.0,6000.0,0.0,1100,2136
583,no,25,owner,24,48,married,no_rec,fixed,35,97.0,3500.0,0.0,225,525
584,yes,29,owner,60,50,widow,no_rec,fixed,35,175.0,6000.0,0.0,1143,1143
585,no,12,owner,60,37,married,no_rec,freelance,60,85.0,6000.0,0.0,1200,1731
586,no,2,owner,60,47,married,no_rec,fixed,90,86.0,4500.0,0.0,1200,1497
587,no,2,owner,36,38,married,no_rec,fixed,45,114.0,3600.0,0.0,650,1100
588,no,0,owner,36,42,married,no_rec,freelance,60,260.0,3000.0,250.0,1100,1288
589,no,20,owner,24,51,married,no_rec,fixed,75,130.0,10000.0,0.0,500,1238
590,yes,0,rent,24,29,married,no_rec,freelance,60,0.0,0.0,0.0,275,275
591,yes,11,owner,60,38,married,yes_rec,fixed,90,245.0,4000.0,0.0,1700,1768
592,yes,2,rent,60,24,single,no_rec,fixed,35,0.0,0.0,0.0,850,989
593,no,8,owner,24,47,single,yes_rec,fixed,35,320.0,50000.0,2000.0,300,2300
594,yes,0,other,60,47,widow,yes_rec,freelance,45,0.0,0.0,0.0,1500,1600
595,no,30,owner,48,53,married,no_rec,freelance,45,0.0,38000.0,0.0,1600,2120
596,no,10,owner,24,56,married,no_rec,freelance,45,208.0,13500.0,0.0,500,1560
597,yes,0,parents,60,20,single,no_rec,fixed,35,120.0,5500.0,1200.0,1170,1362
598,no,4,owner,36,54,married,no_rec,freelance,35,80.0,25000.0,0.0,1400,1490
599,yes,13,rent,60,50,single,no_rec,fixed,42,66.0,0.0,0.0,800,865
600,no,30,rent,24,53,married,no_rec,freelance,69,240.0,25000.0,0.0,1000,2200
601,yes,28,owner,60,57,widow,yes_rec,fixed,35,227.0,15000.0,0.0,1700,1875
602,no,2,other,48,24,married,no_rec,fixed,35,63.0,4000.0,0.0,700,985
603,yes,5,owner,48,49,widow,no_rec,others,35,48.0,4000.0,0.0,1100,1438
604,yes,10,rent,60,38,married,yes_rec,freelance,60,0.0,8000.0,0.0,2200,2387
605,no,1,parents,60,22,single,no_rec,fixed,35,110.0,2000.0,0.0,1500,2098
606,no,3,owner,36,40,married,no_rec,fixed,75,125.0,3500.0,0.0,800,1200
607,no,7,rent,36,44,married,no_rec,fixed,85,101.0,6000.0,0.0,400,400
608,no,12,owner,48,39,married,no_rec,freelance,60,95.0,6000.0,0.0,1300,1600
609,no,16,rent,60,35,single,no_rec,fixed,49,135.0,0.0,0.0,1300,1310
610,no,3,owner,36,28,married,no_rec,freelance,35,180.0,5000.0,0.0,375,1139
611,no,19,owner,24,35,married,no_rec,fixed,60,90.0,4000.0,0.0,200,1147
612,yes,13,rent,36,44,married,yes_rec,freelance,84,85.0,0.0,0.0,1150,1325
613,no,19,owner,60,35,married,no_rec,fixed,75,185.0,4000.0,0.0,1100,1203
614,no,3,owner,60,30,married,no_rec,fixed,60,164.0,4500.0,0.0,800,975
615,yes,2,priv,48,25,married,no_rec,partime,45,90.0,3000.0,2000.0,800,1567
616,no,3,owner,36,26,married,no_rec,fixed,35,136.0,6000.0,4500.0,900,1421
617,no,3,priv,48,38,married,no_rec,freelance,90,187.0,2500.0,750.0,1550,1600
618,no,16,owner,60,48,married,no_rec,freelance,45,273.0,7000.0,0.0,2000,2529
619,no,20,owner,12,60,married,no_rec,freelance,60,0.0,40000.0,0.0,700,1420
620,no,0,owner,60,34,married,no_rec,fixed,60,85.0,4000.0,0.0,1100,1628
621,no,15,owner,60,37,married,no_rec,fixed,60,318.0,7000.0,0.0,1900,2400
622,no,21,rent,36,42,separated,yes_rec,fixed,53,180.0,0.0,0.0,850,950
623,no,1,parents,60,21,single,no_rec,fixed,35,200.0,0.0,0.0,900,1088
624,no,8,owner,60,56,married,no_rec,freelance,45,200.0,30000.0,0.0,1400,1500
625,no,15,owner,60,56,married,yes_rec,freelance,45,155.0,10500.0,0.0,1250,1392
626,no,1,parents,24,26,single,no_rec,fixed,45,153.0,18500.0,0.0,500,1505
627,no,11,owner,60,35,married,no_rec,fixed,60,115.0,4000.0,75.0,1250,1284
628,yes,6,owner,36,42,married,no_rec,fixed,105,151.0,48000.0,0.0,1635,1635
629,no,15,owner,48,53,married,no_rec,freelance,75,100.0,17000.0,0.0,500,1114
630,no,7,owner,60,26,married,no_rec,fixed,60,116.0,3000.0,0.0,1400,1460
631,no,1,owner,48,30,married,no_rec,freelance,60,30.0,4000.0,0.0,900,1700
632,yes,6,owner,48,26,married,yes_rec,fixed,35,90.0,5000.0,0.0,1390,1594
633,no,1,rent,60,23,married,yes_rec,fixed,54,92.0,0.0,0.0,1450,1626
634,yes,2,owner,48,50,married,no_rec,partime,35,80.0,4000.0,0.0,800,1330
635,no,18,owner,24,52,married,no_rec,fixed,75,113.0,11000.0,0.0,370,1555
636,yes,1,owner,60,61,married,no_rec,others,45,30.0,6000.0,0.0,1000,1055
637,yes,1,parents,24,21,single,no_rec,fixed,35,60.0,0.0,0.0,900,1486
638,no,4,parents,60,24,married,no_rec,fixed,35,130.0,0.0,0.0,800,897
639,yes,0,rent,48,25,married,no_rec,fixed,60,150.0,0.0,0.0,1350,1450
640,no,2,owner,12,32,married,no_rec,freelance,45,122.0,5000.0,500.0,350,625
641,yes,2,priv,36,34,married,yes_rec,fixed,105,135.0,1200.0,0.0,400,425
642,no,18,owner,12,58,widow,yes_rec,fixed,75,158.0,6000.0,0.0,400,973
643,no,2,owner,60,27,single,no_rec,others,35,0.0,40000.0,23500.0,2000,2038
644,no,0,other,60,26,married,no_rec,partime,45,68.0,0.0,0.0,1200,1315
645,yes,8,parents,60,28,single,yes_rec,fixed,35,76.0,0.0,0.0,1300,1550
646,no,4,owner,60,26,married,no_rec,fixed,45,152.0,4000.0,1200.0,950,1050
647,no,4,owner,60,64,married,no_rec,others,45,82.0,8000.0,0.0,1000,1590
648,no,7,owner,60,35,married,yes_rec,fixed,45,315.0,10000.0,4000.0,2400,2432
649,yes,0,owner,48,42,separated,yes_rec,fixed,60,119.0,15000.0,0.0,800,800
650,no,19,parents,60,49,single,no_rec,fixed,35,90.0,0.0,0.0,1600,1636
651,no,19,priv,60,55,married,no_rec,fixed,45,118.0,4000.0,0.0,1300,1661
652,no,0,parents,36,56,married,yes_rec,fixed,35,102.0,6000.0,0.0,1000,1606
653,yes,1,parents,48,18,single,no_rec,partime,35,130.0,2500.0,600.0,1280,1285
654,no,17,parents,36,43,married,no_rec,fixed,75,200.0,0.0,0.0,1000,2355
655,no,3,priv,48,39,separated,no_rec,freelance,35,250.0,4000.0,1500.0,700,839
656,no,9,owner,60,51,married,no_rec,fixed,90,85.0,4000.0,0.0,1380,1580
657,no,1,owner,36,20,single,no_rec,partime,35,139.0,4000.0,0.0,375,425
658,no,5,rent,36,39,married,yes_rec,fixed,100,250.0,0.0,0.0,1400,3959
659,no,2,owner,12,44,married,no_rec,fixed,90,160.0,7500.0,0.0,500,1706
660,no,10,rent,48,36,married,no_rec,fixed,80,200.0,0.0,0.0,978,1338
661,no,10,owner,60,35,married,no_rec,fixed,60,140.0,4000.0,0.0,1000,1578
662,no,7,rent,60,38,married,no_rec,freelance,107,320.0,1500.0,0.0,1050,1092
663,no,1,owner,60,29,married,yes_rec,fixed,60,111.0,4000.0,2000.0,750,856
664,yes,4,parents,48,25,single,no_rec,fixed,35,73.0,0.0,0.0,700,814
665,no,18,rent,60,53,married,no_rec,fixed,71,107.0,4000.0,0.0,1300,1450
666,no,5,rent,48,36,married,yes_rec,freelance,72,120.0,100000.0,0.0,775,950
667,no,18,owner,18,50,married,no_rec,fixed,60,75.0,3000.0,0.0,280,434
668,no,10,owner,24,42,married,no_rec,freelance,75,70.0,4600.0,0.0,500,1104
669,no,14,owner,60,39,married,no_rec,fixed,105,129.0,3500.0,1200.0,750,1888
670,no,2,other,60,20,single,no_rec,fixed,35,165.0,2000.0,0.0,1000,1275
671,yes,2,rent,60,28,married,no_rec,fixed,74,138.0,0.0,0.0,1400,1400
672,no,15,priv,60,33,single,no_rec,fixed,35,163.0,5000.0,0.0,1000,2244
673,no,0,parents,60,31,married,no_rec,others,75,37.0,0.0,0.0,1500,2084
674,no,16,owner,36,57,married,no_rec,fixed,60,154.0,4000.0,130.0,700,1090
675,no,15,rent,60,39,married,no_rec,freelance,60,145.0,5000.0,0.0,1300,1625
676,no,29,owner,12,53,married,no_rec,fixed,45,145.0,27000.0,0.0,500,1230
677,yes,1,owner,48,42,married,yes_rec,freelance,75,200.0,9000.0,4500.0,1400,1700
678,yes,6,rent,60,41,divorced,yes_rec,fixed,55,97.0,7000.0,5000.0,1900,2260
679,no,5,rent,36,46,married,no_rec,fixed,82,223.0,0.0,0.0,450,650
680,no,20,owner,48,60,married,no_rec,freelance,35,142.0,12000.0,0.0,500,1154
681,no,1,owner,60,61,married,yes_rec,freelance,45,0.0,97000.0,2900.0,1200,2154
682,no,19,ignore,36,43,married,no_rec,fixed,75,110.0,2000.0,300.0,700,1553
683,yes,2,owner,36,22,single,no_rec,freelance,35,0.0,11000.0,0.0,375,450
684,yes,4,rent,60,38,married,no_rec,fixed,79,188.0,3000.0,1500.0,1350,1624
685,no,4,parents,36,28,married,no_rec,fixed,35,173.0,0.0,0.0,1000,1300
686,yes,1,rent,36,28,married,yes_rec,fixed,47,122.0,0.0,0.0,950,1100
687,yes,2,other,48,29,single,no_rec,fixed,35,105.0,0.0,0.0,1600,2074
688,no,4,rent,60,30,married,no_rec,fixed,60,147.0,5500.0,2000.0,1700,1719
689,no,10,owner,60,34,married,no_rec,fixed,75,110.0,2500.0,300.0,1150,1367
690,no,13,parents,60,27,married,no_rec,fixed,60,100.0,0.0,0.0,950,1152
691,no,4,owner,60,34,single,no_rec,others,45,75.0,2500.0,0.0,1150,1497
692,yes,1,parents,48,19,single,no_rec,fixed,35,70.0,0.0,0.0,1000,1075
693,no,3,other,48,39,married,no_rec,freelance,60,50.0,5000.0,0.0,900,1177
694,no,6,owner,48,55,married,no_rec,freelance,45,74.0,16000.0,1500.0,2000,3753
695,yes,2,other,36,30,single,no_rec,fixed,35,55.0,0.0,0.0,950,1316
696,no,40,owner,60,54,married,yes_rec,fixed,45,220.0,13500.0,0.0,1543,1668
697,no,8,rent,36,33,married,no_rec,fixed,78,175.0,0.0,0.0,1000,1187
698,yes,3,parents,48,26,married,no_rec,freelance,35,0.0,3500.0,0.0,150,816
699,no,10,owner,60,50,married,no_rec,freelance,35,0.0,3500.0,0.0,700,985
700,no,1,parents,12,24,single,no_rec,fixed,35,128.0,0.0,0.0,300,1056
701,no,14,owner,18,37,married,no_rec,fixed,60,215.0,7000.0,0.0,600,1661
702,yes,3,owner,60,33,separated,no_rec,freelance,35,0.0,6000.0,0.0,950,950
703,no,2,owner,36,30,married,no_rec,fixed,45,350.0,4000.0,0.0,800,1800
704,no,10,owner,48,50,married,no_rec,freelance,45,128.0,11500.0,0.0,500,1195
705,no,10,owner,60,33,married,no_rec,fixed,75,364.0,60000.0,0.0,1300,1804
706,no,5,owner,36,27,married,no_rec,freelance,45,0.0,0.0,0.0,1000,1622
707,yes,0,other,36,49,married,yes_rec,freelance,60,0.0,0.0,0.0,1000,1800
708,yes,6,rent,48,37,married,no_rec,fixed,77,170.0,0.0,0.0,887,887
709,no,36,owner,60,61,married,no_rec,fixed,45,154.0,4000.0,0.0,1350,1650
710,no,13,owner,60,27,married,no_rec,fixed,60,112.0,3000.0,1485.0,800,1200
711,yes,10,owner,24,53,married,yes_rec,fixed,60,60.0,3000.0,0.0,1750,2038
712,no,1,owner,60,28,married,no_rec,fixed,45,133.0,5000.0,9000.0,700,1175
713,yes,15,rent,36,43,married,no_rec,freelance,75,0.0,15000.0,2000.0,1100,1720
714,no,2,owner,60,43,married,no_rec,partime,45,0.0,16000.0,0.0,1000,1490
715,no,3,owner,54,33,married,no_rec,fixed,75,366.0,7000.0,0.0,500,1116
716,yes,1,rent,54,36,married,no_rec,fixed,70,99.0,0.0,0.0,950,950
717,no,9,parents,60,32,married,no_rec,freelance,75,160.0,2000.0,0.0,1200,1541
718,no,20,owner,12,47,married,no_rec,freelance,90,400.0,15000.0,1000.0,800,2335
719,no,8,owner,24,32,married,no_rec,fixed,60,77.0,4000.0,0.0,350,865
720,no,2,priv,48,26,single,no_rec,fixed,35,133.0,3000.0,0.0,1000,1114
721,no,12,owner,60,27,married,no_rec,fixed,35,167.0,4000.0,0.0,1000,1537
722,no,10,rent,36,47,single,no_rec,partime,86,114.0,3500.0,0.0,400,872
723,no,11,owner,60,44,married,yes_rec,fixed,60,130.0,3500.0,0.0,1400,1731
724,no,30,rent,6,49,married,yes_rec,freelance,81,208.0,2000.0,0.0,800,1804
725,no,17,parents,36,33,separated,yes_rec,fixed,35,96.0,0.0,0.0,475,475
726,no,12,owner,36,46,married,yes_rec,fixed,60,117.0,3000.0,0.0,825,1325
727,no,1,owner,48,28,married,no_rec,fixed,45,116.0,4000.0,1857.0,1100,1173
728,no,1,parents,60,22,single,no_rec,fixed,35,90.0,0.0,0.0,1250,1590
729,yes,5,parents,24,26,single,yes_rec,fixed,35,104.0,0.0,0.0,1000,1314
730,no,5,priv,48,43,married,yes_rec,fixed,75,136.0,2500.0,500.0,940,1133
731,yes,25,parents,60,64,married,yes_rec,fixed,45,130.0,0.0,0.0,2047,2946
732,yes,10,owner,36,46,married,yes_rec,freelance,90,200.0,3000.0,0.0,2000,2985
733,no,17,owner,36,43,married,no_rec,fixed,60,250.0,9000.0,0.0,1000,1204
734,yes,10,priv,18,45,married,yes_rec,freelance,35,47.0,4000.0,350.0,375,475
735,no,15,priv,60,30,married,no_rec,fixed,60,140.0,4000.0,1680.0,400,1320
736,no,3,rent,36,34,single,no_rec,fixed,41,63.0,30000.0,0.0,625,921
737,no,0,parents,36,24,single,no_rec,freelance,45,0.0,250000.0,0.0,700,1214
738,no,8,rent,48,29,married,no_rec,fixed,42,70.0,0.0,0.0,1100,2111
739,no,15,owner,60,48,separated,no_rec,fixed,45,150.0,21000.0,0.0,1150,1579
740,yes,1,rent,24,24,single,no_rec,partime,42,65.0,0.0,0.0,750,1192
741,no,7,rent,60,30,married,no_rec,fixed,42,73.0,0.0,0.0,950,1169
742,no,1,other,60,23,single,no_rec,partime,35,70.0,0.0,0.0,1050,1190
743,no,36,owner,48,58,married,no_rec,fixed,45,100.0,5500.0,108.0,700,1291
744,no,14,owner,36,39,married,no_rec,fixed,60,167.0,5000.0,0.0,1350,1355
745,yes,2,owner,60,26,single,no_rec,freelance,35,0.0,10000.0,4800.0,1600,1911
746,yes,5,owner,12,27,married,no_rec,fixed,45,86.0,2500.0,0.0,1000,1600
747,no,5,owner,42,33,married,yes_rec,fixed,45,140.0,22000.0,2500.0,1200,1888
748,no,25,owner,18,40,married,no_rec,freelance,75,0.0,5000.0,1600.0,375,375
749,no,26,owner,36,46,married,no_rec,fixed,45,184.0,5000.0,0.0,1000,1535
750,yes,2,parents,60,22,single,yes_rec,fixed,35,110.0,0.0,0.0,1360,1435
751,yes,3,owner,60,23,single,no_rec,partime,35,71.0,1500.0,0.0,1150,1386
752,no,1,owner,36,51,married,no_rec,fixed,75,300.0,6000.0,0.0,1450,1992
753,yes,0,owner,60,32,married,no_rec,others,45,77.0,4000.0,0.0,1750,2200
754,yes,15,owner,60,31,married,yes_rec,fixed,45,96.0,4000.0,0.0,960,1031
755,no,1,parents,60,30,married,no_rec,freelance,60,93.0,0.0,0.0,1600,1647
756,yes,4,rent,48,26,single,no_rec,freelance,50,150.0,0.0,0.0,1100,1335
757,yes,12,other,60,36,married,yes_rec,fixed,60,99.0,0.0,0.0,750,790
758,no,1,owner,18,27,married,no_rec,partime,45,149.0,2000.0,0.0,700,818
759,yes,10,owner,60,27,married,no_rec,fixed,45,120.0,5000.0,2000.0,1570,1914
760,no,3,priv,60,54,married,no_rec,fixed,45,134.0,2000.0,0.0,1100,1286
761,yes,1,parents,36,31,married,no_rec,fixed,35,61.0,4000.0,0.0,700,800
762,no,11,owner,60,28,married,no_rec,fixed,45,78.0,4000.0,0.0,850,978
763,yes,0,parents,36,23,single,no_rec,fixed,35,200.0,0.0,0.0,1100,2095
764,no,2,owner,36,53,married,no_rec,freelance,35,71.0,5000.0,0.0,800,1615
765,yes,12,rent,48,47,married,no_rec,freelance,75,300.0,0.0,0.0,2000,2196
766,no,7,rent,60,40,married,yes_rec,freelance,76,164.0,3000.0,0.0,800,1032
767,no,2,owner,18,37,married,no_rec,fixed,90,90.0,1500.0,0.0,400,1166
768,yes,2,parents,48,20,single,no_rec,fixed,105,130.0,2500.0,0.0,1750,1998
769,yes,0,ignore,60,26,married,no_rec,partime,45,150.0,5000.0,0.0,1300,1429
770,no,3,parents,60,23,single,no_rec,fixed,35,107.0,0.0,0.0,800,1111
771,no,8,owner,24,46,married,no_rec,fixed,75,200.0,5000.0,0.0,740,2095
772,no,11,owner,60,30,married,yes_rec,fixed,35,110.0,4000.0,62.0,1100,1347
773,yes,0,parents,36,23,single,yes_rec,partime,35,66.0,0.0,0.0,1000,1200
774,no,8,other,48,30,married,no_rec,fixed,75,156.0,0.0,0.0,1100,1310
775,yes,2,other,60,22,married,yes_rec,fixed,60,125.0,0.0,0.0,1100,1281
776,no,3,owner,48,26,married,no_rec,fixed,45,165.0,4000.0,600.0,950,1490
777,yes,16,rent,60,40,married,no_rec,freelance,82,71.0,0.0,0.0,2000,2250
778,yes,9,rent,60,30,single,no_rec,fixed,48,126.0,0.0,0.0,600,1054
779,yes,4,parents,60,26,single,no_rec,fixed,35,52.0,0.0,0.0,1050,1372
780,yes,3,parents,60,23,single,no_rec,fixed,35,62.0,0.0,0.0,1100,1300
781,yes,0,owner,48,52,married,yes_rec,others,90,245.0,3850.0,2432.0,1520,1670
782,no,15,parents,60,35,single,no_rec,fixed,45,226.0,6000.0,2200.0,1350,1609
783,yes,0,owner,48,21,single,no_rec,partime,60,160.0,2500.0,0.0,1220,1598
784,yes,10,priv,60,44,married,no_rec,freelance,60,70.0,15000.0,2880.0,1150,1297
785,no,5,owner,60,32,married,no_rec,freelance,60,140.0,4000.0,1000.0,1350,1650
786,no,1,rent,60,54,married,no_rec,others,54,87.0,8000.0,0.0,1000,1202
787,no,2,priv,24,51,married,no_rec,freelance,45,0.0,10500.0,0.0,600,943
788,yes,15,owner,60,32,married,no_rec,fixed,60,105.0,7000.0,3700.0,1200,1204
789,no,20,owner,48,39,married,no_rec,freelance,75,45.0,10000.0,0.0,2000,3650
790,yes,1,rent,60,33,married,no_rec,fixed,91,161.0,0.0,0.0,1700,1770
791,yes,14,owner,60,53,married,no_rec,freelance,45,65.0,3500.0,0.0,1800,1979
792,yes,1,rent,60,29,married,no_rec,fixed,84,86.0,0.0,0.0,1350,1743
793,no,18,parents,36,36,married,no_rec,freelance,60,238.0,0.0,0.0,900,2214
794,no,5,parents,60,33,married,no_rec,fixed,45,97.0,0.0,0.0,1500,1663
795,no,25,owner,48,52,married,no_rec,fixed,45,200.0,3000.0,0.0,800,1300
796,yes,1,parents,60,19,single,no_rec,fixed,45,128.0,9500.0,2800.0,1300,1540
797,no,13,owner,60,46,married,yes_rec,fixed,90,115.0,2500.0,350.0,1200,1222
798,no,0,owner,48,26,single,no_rec,fixed,35,101.0,2000.0,0.0,1000,1300
799,no,30,owner,48,66,married,no_rec,freelance,35,178.0,7000.0,0.0,1000,1108
800,no,12,owner,60,33,married,yes_rec,freelance,90,146.0,15000.0,0.0,1150,1284
801,no,8,owner,48,26,married,no_rec,freelance,90,113.0,3000.0,750.0,1200,1450
802,no,20,priv,36,46,married,no_rec,fixed,60,150.0,2000.0,0.0,910,1128
803,no,8,priv,60,47,married,no_rec,freelance,75,178.0,2500.0,0.0,1600,1661
804,yes,0,owner,60,44,divorced,yes_rec,fixed,60,60.0,4000.0,3378.0,1400,1703
805,no,20,other,60,39,married,no_rec,fixed,60,119.0,0.0,0.0,1300,1639
806,no,15,owner,48,44,married,no_rec,fixed,60,200.0,3500.0,200.0,800,1218
807,no,12,owner,36,32,married,no_rec,fixed,45,115.0,3500.0,0.0,800,1280
808,no,10,priv,36,38,married,yes_rec,fixed,60,117.0,4030.0,0.0,950,1330
809,no,9,owner,60,32,married,no_rec,fixed,75,345.0,6000.0,3300.0,700,994
810,yes,2,parents,60,35,married,yes_rec,partime,75,130.0,0.0,0.0,1450,1480
811,no,8,owner,12,29,married,no_rec,fixed,45,92.0,6000.0,2400.0,100,1492
812,yes,0,owner,60,48,married,no_rec,partime,75,100.0,7000.0,0.0,1000,1129
813,no,28,owner,48,54,married,no_rec,freelance,75,46.0,15000.0,0.0,900,1300
814,no,18,owner,48,43,single,no_rec,fixed,35,90.0,2500.0,0.0,1000,1626
815,no,3,owner,12,57,married,no_rec,fixed,45,150.0,19000.0,1408.0,550,800
816,yes,0,owner,36,39,single,no_rec,freelance,35,0.0,4000.0,0.0,1000,1210
817,no,8,owner,36,25,married,no_rec,fixed,35,185.0,3000.0,0.0,1600,2202
818,no,9,rent,48,32,married,yes_rec,fixed,87,270.0,0.0,0.0,1000,1640
819,no,8,owner,24,36,married,no_rec,fixed,60,90.0,6000.0,1500.0,900,1715
820,yes,3,parents,60,20,single,no_rec,fixed,35,94.0,0.0,0.0,1300,1365
821,no,15,parents,36,40,married,yes_rec,freelance,75,0.0,0.0,0.0,375,375
822,no,6,parents,18,25,married,no_rec,fixed,45,164.0,0.0,0.0,1250,1890
823,no,0,rent,36,42,single,yes_rec,partime,48,129.0,0.0,0.0,525,525
824,no,0,owner,12,22,single,no_rec,fixed,35,132.0,3500.0,0.0,300,509
825,no,10,other,60,57,married,no_rec,fixed,60,84.0,9000.0,0.0,1400,1423
826,no,1,owner,60,39,married,no_rec,fixed,60,210.0,2000.0,0.0,700,825
827,no,8,owner,60,36,married,no_rec,freelance,75,148.0,2600.0,0.0,1400,1775
828,no,1,rent,60,40,married,no_rec,fixed,57,120.0,0.0,0.0,1500,1737
829,yes,6,parents,60,26,single,no_rec,fixed,35,92.0,0.0,0.0,600,1300
830,no,2,owner,60,30,married,no_rec,fixed,60,154.0,3000.0,0.0,1000,1705
831,yes,19,rent,60,37,separated,yes_rec,fixed,41,63.0,0.0,0.0,2700,2957
832,no,0,owner,60,42,married,yes_rec,partime,35,90.0,3000.0,1500.0,1200,1438
833,no,15,owner,36,47,married,no_rec,fixed,75,152.0,13000.0,0.0,2700,3560
834,yes,0,other,60,26,single,no_rec,others,35,0.0,0.0,0.0,1200,1571
835,no,5,owner,60,39,married,no_rec,freelance,75,85.0,4000.0,0.0,1200,1463
836,no,3,rent,36,23,single,no_rec,fixed,50,150.0,0.0,0.0,1000,1128
837,no,16,owner,60,32,married,yes_rec,fixed,35,204.0,7000.0,0.0,1200,1503
838,no,11,owner,36,55,divorced,no_rec,fixed,35,182.0,2000.0,0.0,500,1135
839,yes,15,rent,60,33,married,yes_rec,freelance,64,36.0,0.0,0.0,1150,1150
840,yes,0,priv,36,31,married,no_rec,partime,35,202.0,6000.0,0.0,1300,1663
841,no,7,owner,24,40,married,no_rec,fixed,60,123.0,5000.0,0.0,1000,2348
842,no,30,owner,54,54,widow,no_rec,freelance,35,224.0,20000.0,0.0,1100,1603
843,yes,1,other,48,30,married,yes_rec,partime,75,77.0,0.0,0.0,1200,1300
844,no,3,parents,48,26,single,no_rec,fixed,35,200.0,0.0,0.0,1400,1500
845,yes,2,parents,54,24,single,yes_rec,freelance,35,0.0,0.0,0.0,1800,2646
846,yes,10,owner,36,40,married,no_rec,freelance,90,17.0,9000.0,0.0,450,550
847,no,12,parents,60,27,single,no_rec,fixed,35,150.0,0.0,0.0,1350,1750
848,yes,10,owner,60,47,separated,no_rec,fixed,35,229.0,7000.0,0.0,2550,3500
849,no,17,owner,48,55,married,yes_rec,freelance,60,73.0,15000.0,0.0,1900,2205
850,no,20,owner,36,63,married,no_rec,freelance,35,110.0,6000.0,0.0,1000,1675
851,no,17,other,60,46,married,no_rec,fixed,75,155.0,0.0,0.0,2000,2086
852,no,5,parents,60,32,married,no_rec,freelance,60,538.0,0.0,0.0,1400,2360
853,yes,5,rent,60,31,married,yes_rec,fixed,69,88.0,0.0,0.0,1200,1200
854,no,4,rent,48,33,married,no_rec,fixed,58,133.0,0.0,0.0,1500,1784
855,no,3,owner,36,35,married,no_rec,fixed,75,84.0,3000.0,144.0,475,800
856,no,6,other,60,33,married,no_rec,fixed,75,95.0,0.0,0.0,1200,1820
857,yes,1,other,36,40,married,yes_rec,fixed,75,150.0,0.0,0.0,800,800
858,no,7,owner,60,48,married,no_rec,freelance,60,155.0,4500.0,0.0,1400,1500
859,no,8,other,24,33,married,no_rec,fixed,75,166.0,0.0,0.0,1150,1770
860,yes,2,owner,60,32,married,no_rec,fixed,60,182.0,3000.0,350.0,1300,1662
861,yes,2,parents,60,20,single,no_rec,fixed,35,56.0,3500.0,0.0,1300,1637
862,no,1,owner,60,31,married,no_rec,partime,45,160.0,4000.0,300.0,1200,1265
863,yes,1,parents,36,23,single,no_rec,partime,35,75.0,0.0,0.0,350,425
864,no,0,owner,60,57,married,no_rec,freelance,45,200.0,3500.0,0.0,950,1070
865,no,15,owner,48,29,married,yes_rec,fixed,35,100.0,8500.0,1300.0,500,873
866,no,0,owner,24,68,married,no_rec,fixed,75,131.0,4162.0,0.0,900,1186
867,yes,0,owner,48,29,separated,no_rec,fixed,35,55.0,4000.0,0.0,757,1566
868,no,0,rent,48,23,single,no_rec,freelance,49,140.0,0.0,0.0,550,550
869,yes,20,owner,60,43,married,yes_rec,fixed,45,120.0,10000.0,0.0,2000,2700
870,no,18,owner,60,51,married,no_rec,fixed,60,205.0,8000.0,0.0,1100,1350
871,yes,1,priv,48,55,married,no_rec,fixed,60,94.0,8000.0,840.0,900,1050
872,no,15,priv,60,31,married,no_rec,fixed,60,100.0,2500.0,800.0,1000,1323
873,no,13,owner,60,45,married,no_rec,fixed,75,475.0,5000.0,0.0,1300,2300
874,no,23,rent,24,47,single,no_rec,fixed,44,86.0,0.0,0.0,350,975
875,no,16,owner,36,43,married,no_rec,fixed,90,350.0,11000.0,0.0,600,2467
876,no,28,owner,36,46,married,no_rec,fixed,75,170.0,6000.0,0.0,750,800
877,no,20,owner,60,51,married,no_rec,fixed,75,117.0,2000.0,0.0,1000,1365
878,no,30,owner,48,60,married,no_rec,freelance,60,6.0,16000.0,0.0,1200,1636
879,no,20,owner,24,45,married,no_rec,fixed,75,130.0,5000.0,0.0,450,1318
880,no,3,parents,36,29,single,no_rec,partime,35,110.0,0.0,0.0,800,1428
881,no,5,owner,60,22,single,no_rec,fixed,45,324.0,10000.0,0.0,1100,1159
882,no,7,owner,36,39,married,no_rec,freelance,75,205.0,4000.0,0.0,1300,1439
883,no,10,owner,12,42,married,yes_rec,freelance,35,105.0,4000.0,0.0,380,913
884,no,4,parents,48,21,single,no_rec,fixed,35,88.0,25000.0,0.0,1100,1200
885,no,3,owner,60,47,married,no_rec,fixed,75,300.0,8000.0,0.0,1060,1160
886,no,2,parents,24,19,single,no_rec,partime,35,50.0,50000.0,0.0,900,1472
887,no,5,owner,60,58,married,no_rec,freelance,45,93.0,45000.0,0.0,1500,2090
888,yes,11,other,60,48,married,no_rec,fixed,75,225.0,0.0,0.0,1300,1550
889,no,1,rent,6,25,single,no_rec,fixed,46,112.0,0.0,0.0,200,600
890,no,11,owner,60,30,single,no_rec,fixed,35,53.0,875.0,325.0,750,850
891,no,20,owner,60,46,single,no_rec,fixed,35,250.0,25000.0,4000.0,1450,1566
892,no,17,owner,60,51,married,no_rec,fixed,60,98.0,4000.0,0.0,860,1113
893,no,14,owner,60,64,married,no_rec,freelance,60,250.0,10000.0,0.0,700,1204
894,no,20,owner,12,49,married,no_rec,freelance,60,500.0,10000.0,0.0,1000,3081
895,no,1,parents,36,23,single,no_rec,fixed,35,55.0,5000.0,0.0,775,925
896,no,4,owner,48,29,married,no_rec,fixed,45,150.0,5000.0,3300.0,1100,1312
897,yes,8,rent,60,28,married,no_rec,fixed,53,177.0,0.0,0.0,1900,2530
898,no,15,other,36,38,married,yes_rec,freelance,90,200.0,6000.0,0.0,1550,1982
899,no,1,other,24,46,married,no_rec,partime,45,70.0,2500.0,0.0,390,590
900,no,8,owner,60,30,married,no_rec,fixed,60,106.0,7000.0,4000.0,700,999
901,no,35,owner,48,55,married,no_rec,freelance,60,84.0,13000.0,0.0,1390,1390
902,no,15,rent,18,55,married,no_rec,freelance,102,120.0,20000.0,0.0,1150,1366
903,no,3,owner,60,38,married,yes_rec,partime,75,81.0,4000.0,0.0,1000,1037
904,no,8,owner,24,30,married,yes_rec,fixed,35,340.0,1200.0,0.0,1000,1893
905,yes,4,owner,48,44,married,no_rec,freelance,60,250.0,40000.0,9300.0,700,1111
906,no,5,owner,60,36,married,yes_rec,fixed,35,205.0,9000.0,1500.0,1050,1168
907,no,8,parents,36,26,married,no_rec,freelance,45,0.0,4000.0,0.0,1000,1500
908,no,0,parents,60,22,single,no_rec,partime,35,72.0,0.0,0.0,1100,1131
909,no,24,other,36,51,married,no_rec,fixed,45,105.0,0.0,0.0,625,625
910,yes,0,other,60,33,married,yes_rec,partime,75,0.0,0.0,0.0,2000,3467
911,no,8,owner,60,34,married,no_rec,fixed,60,177.0,6300.0,4000.0,1370,1375
912,yes,2,rent,18,25,single,no_rec,partime,44,85.0,0.0,0.0,320,425
913,no,0,priv,12,39,married,no_rec,fixed,45,178.0,2000.0,0.0,150,550
914,no,2,parents,48,29,single,no_rec,fixed,35,111.0,0.0,0.0,1000,1854
915,no,1,priv,60,26,married,no_rec,fixed,45,137.0,5000.0,0.0,1350,1471
916,no,2,owner,24,20,single,no_rec,fixed,45,176.0,5000.0,0.0,700,1299
917,no,13,owner,36,59,married,yes_rec,fixed,35,170.0,6000.0,0.0,700,844
918,no,15,other,36,30,married,no_rec,fixed,45,131.0,0.0,0.0,250,1341
919,no,10,parents,24,40,married,no_rec,partime,60,116.0,2000.0,0.0,480,620
920,yes,2,owner,60,24,married,yes_rec,fixed,60,110.0,6500.0,2000.0,1450,1450
921,no,0,owner,60,25,married,no_rec,freelance,45,0.0,2500.0,0.0,1500,1812
922,yes,13,owner,54,52,married,no_rec,fixed,75,80.0,4000.0,0.0,1300,1394
923,no,1,owner,24,31,married,no_rec,fixed,35,207.0,10000.0,0.0,550,650
924,yes,4,rent,48,23,married,no_rec,freelance,52,171.0,0.0,0.0,1150,1450
925,no,3,owner,60,27,married,no_rec,fixed,35,120.0,4000.0,1500.0,1800,2090
926,no,15,owner,48,55,married,no_rec,freelance,45,88.0,15000.0,0.0,650,1243
927,no,1,owner,60,22,single,no_rec,fixed,35,300.0,4000.0,200.0,1350,1450
928,no,4,owner,60,37,married,no_rec,freelance,35,128.0,18000.0,0.0,800,1560
929,no,20,owner,18,52,married,yes_rec,fixed,75,166.0,50000.0,0.0,800,1017
930,no,20,owner,36,36,married,yes_rec,fixed,75,130.0,3500.0,0.0,1500,2000
931,no,5,owner,60,36,married,no_rec,fixed,75,107.0,12000.0,2000.0,600,1735
932,no,20,owner,6,40,married,no_rec,freelance,60,300.0,60000.0,0.0,600,1904
933,no,1,parents,48,29,single,no_rec,freelance,45,478.0,9000.0,0.0,2100,2450
934,no,28,owner,60,52,married,no_rec,fixed,35,185.0,4000.0,1000.0,900,1428
935,no,6,rent,36,36,married,yes_rec,fixed,56,208.0,0.0,0.0,600,1432
936,yes,13,other,36,35,married,no_rec,fixed,75,70.0,0.0,0.0,450,450
937,no,4,rent,36,21,married,no_rec,freelance,101,413.0,6000.0,0.0,750,850
938,yes,2,parents,36,39,married,yes_rec,fixed,60,87.0,0.0,0.0,2000,2300
939,no,1,owner,60,28,married,no_rec,others,45,148.0,4500.0,0.0,1300,1695
940,no,15,owner,18,39,married,no_rec,freelance,75,275.0,14000.0,0.0,700,2243
941,no,16,owner,36,40,married,no_rec,fixed,60,160.0,4000.0,0.0,1300,2305
942,yes,15,owner,60,52,married,yes_rec,fixed,60,130.0,4000.0,0.0,1300,1450
943,no,10,owner,60,41,married,no_rec,others,35,57.0,5000.0,0.0,1300,1863
944,no,12,parents,36,31,married,no_rec,fixed,60,160.0,3000.0,1000.0,700,1100
945,yes,2,owner,60,20,single,no_rec,fixed,35,150.0,32000.0,2000.0,1500,1599
946,no,4,owner,60,49,married,no_rec,fixed,45,123.0,5000.0,0.0,1450,1735
947,no,11,rent,60,50,married,no_rec,freelance,50,152.0,0.0,0.0,1400,1637
948,no,6,owner,36,37,married,no_rec,fixed,60,230.0,15000.0,4500.0,1740,2340
949,no,1,parents,36,21,married,no_rec,fixed,45,90.0,2000.0,0.0,1200,1350
950,no,0,owner,60,34,married,yes_rec,partime,35,165.0,8000.0,2000.0,1450,1800
951,yes,6,owner,12,36,married,yes_rec,fixed,90,78.0,6000.0,2700.0,300,500
952,no,1,priv,60,32,married,no_rec,fixed,60,140.0,4000.0,1300.0,1200,1410
953,no,14,owner,36,34,widow,no_rec,fixed,45,202.0,6500.0,0.0,350,800
954,yes,3,rent,60,34,married,yes_rec,fixed,85,100.0,0.0,0.0,1000,1600
955,no,12,rent,36,55,married,no_rec,fixed,57,115.0,0.0,0.0,800,1250
956,no,1,owner,24,38,married,no_rec,fixed,60,102.0,3500.0,0.0,850,1260
957,yes,8,parents,36,27,single,no_rec,partime,35,53.0,0.0,0.0,225,350
958,no,4,parents,36,29,single,no_rec,fixed,35,47.0,0.0,0.0,400,450
959,yes,2,rent,60,25,single,no_rec,fixed,46,107.0,0.0,0.0,1500,2189
960,no,8,parents,12,27,single,no_rec,freelance,35,150.0,3000.0,0.0,275,550
961,yes,1,parents,60,33,married,yes_rec,freelance,45,0.0,0.0,0.0,1000,1471
962,no,13,owner,48,33,married,no_rec,fixed,75,191.0,8000.0,2000.0,1400,1602
963,yes,20,rent,60,49,married,no_rec,fixed,85,100.0,0.0,0.0,1420,1586
964,no,15,owner,12,46,separated,no_rec,freelance,35,85.0,15000.0,0.0,1000,1862
965,yes,1,parents,48,24,single,yes_rec,fixed,35,65.0,0.0,0.0,900,1061
966,yes,3,rent,36,23,married,no_rec,fixed,53,178.0,0.0,0.0,1600,2000
967,no,9,rent,60,34,married,no_rec,fixed,103,128.0,0.0,0.0,500,820
968,yes,0,parents,24,20,single,no_rec,partime,35,66.0,0.0,0.0,550,550
969,no,6,owner,60,47,married,no_rec,fixed,60,66.0,5000.0,0.0,600,1625
970,yes,1,owner,60,46,married,yes_rec,fixed,75,209.0,11000.0,0.0,1800,2015
971,no,2,owner,60,33,married,no_rec,fixed,35,146.0,8000.0,2000.0,1000,1844
972,yes,10,rent,24,39,single,yes_rec,others,55,195.0,0.0,0.0,400,435
973,yes,14,owner,36,45,separated,no_rec,fixed,45,190.0,12000.0,0.0,2100,2758
974,no,1,rent,60,44,married,no_rec,fixed,65,54.0,0.0,0.0,1550,1650
975,no,1,rent,60,25,married,no_rec,partime,42,73.0,0.0,0.0,1000,1050
976,no,7,owner,12,36,married,no_rec,fixed,90,125.0,20000.0,0.0,375,724
977,no,4,owner,48,40,married,yes_rec,fixed,60,150.0,3500.0,200.0,800,800
978,yes,0,parents,48,40,married,no_rec,partime,90,113.0,3500.0,0.0,600,710
979,yes,5,owner,48,40,married,yes_rec,fixed,75,115.0,20000.0,100.0,1200,1800
980,no,6,owner,60,42,separated,no_rec,fixed,35,87.0,10000.0,0.0,1400,1725
981,no,15,owner,60,29,married,yes_rec,fixed,60,100.0,12000.0,0.0,500,2038
982,no,6,owner,48,53,married,no_rec,freelance,60,178.0,15000.0,0.0,800,1371
983,no,1,owner,60,29,married,no_rec,fixed,60,136.0,7000.0,0.0,1000,1688
984,no,13,priv,42,46,married,no_rec,fixed,60,75.0,3000.0,600.0,1200,1569
985,no,12,parents,60,32,married,no_rec,fixed,35,105.0,0.0,0.0,1400,1780
986,no,16,owner,60,32,married,no_rec,fixed,60,93.0,4000.0,1100.0,800,1246
987,yes,0,parents,60,22,single,no_rec,partime,35,55.0,0.0,0.0,950,1462
988,no,3,parents,60,33,single,no_rec,fixed,35,167.0,10000.0,0.0,2000,2250
989,no,7,other,48,43,married,yes_rec,fixed,75,160.0,0.0,0.0,1350,1519
990,yes,5,parents,48,24,single,no_rec,partime,35,139.0,2000.0,0.0,1000,1492
991,no,0,owner,48,37,married,no_rec,freelance,60,107.0,18000.0,1700.0,800,1015
992,no,10,owner,36,30,married,no_rec,fixed,60,123.0,8000.0,2100.0,800,2200
993,no,17,owner,24,55,married,no_rec,freelance,75,191.0,14000.0,0.0,1000,2420
994,yes,1,parents,48,18,single,no_rec,partime,35,81.0,0.0,0.0,1150,1314
995,no,7,owner,60,55,married,no_rec,fixed,45,124.0,5000.0,0.0,800,982
996,no,6,rent,60,36,single,no_rec,fixed,85,400.0,0.0,0.0,1000,1290
997,yes,0,parents,60,25,single,no_rec,partime,35,82.0,0.0,0.0,700,1715
998,no,37,owner,60,52,married,no_rec,fixed,45,324.0,7000.0,0.0,1550,1590
999,no,18,rent,60,52,married,no_rec,fixed,58,128.0,0.0,0.0,800,1235
1000,no,2,owner,48,55,married,no_rec,others,35,135.0,8000.0,0.0,800,800
1001,yes,3,parents,60,35,married,yes_rec,fixed,35,410.0,0.0,0.0,2000,2228
1002,yes,0,parents,36,35,single,no_rec,freelance,35,0.0,0.0,0.0,875,950
1003,no,1,parents,36,27,single,no_rec,fixed,35,91.0,0.0,0.0,1000,1866
1004,no,1,parents,60,30,single,no_rec,fixed,35,75.0,0.0,0.0,1000,1156
1005,no,5,parents,30,24,married,no_rec,fixed,35,120.0,0.0,0.0,700,1804
1006,no,4,owner,48,22,married,no_rec,fixed,35,214.0,10000.0,3000.0,1250,1566
1007,yes,7,parents,60,40,married,no_rec,fixed,90,93.0,8000.0,0.0,1300,1588
1008,yes,1,rent,36,44,married,yes_rec,fixed,54,90.0,0.0,0.0,1500,2100
1009,no,1,priv,60,22,single,no_rec,partime,35,73.0,4500.0,4300.0,1000,1485
1010,no,5,priv,24,32,single,no_rec,freelance,35,189.0,7750.0,3900.0,1000,1536
1011,yes,2,parents,36,21,single,no_rec,fixed,35,50.0,0.0,0.0,500,900
1012,no,6,owner,60,63,widow,no_rec,others,35,54.0,13000.0,0.0,1000,1063
1013,no,20,owner,24,46,married,no_rec,freelance,35,40.0,17000.0,0.0,1000,1895
1014,no,3,owner,60,33,married,yes_rec,freelance,75,225.0,2000.0,0.0,1400,1980
1015,yes,3,rent,48,33,single,no_rec,freelance,45,100.0,0.0,0.0,1350,1518
1016,yes,3,owner,36,35,married,yes_rec,partime,60,144.0,3000.0,0.0,475,690
1017,no,0,parents,18,20,married,no_rec,fixed,35,91.0,0.0,0.0,600,750
1018,no,1,parents,36,21,single,no_rec,partime,35,92.0,2000.0,0.0,700,1162
1019,no,0,owner,36,62,married,no_rec,others,45,73.0,5000.0,0.0,430,1132
1020,no,6,owner,48,35,married,no_rec,freelance,45,200.0,7000.0,0.0,1540,1603
1021,no,6,rent,48,26,single,yes_rec,fixed,65,198.0,0.0,0.0,950,1111
1022,no,15,owner,60,32,married,no_rec,fixed,45,108.0,4500.0,0.0,1100,1213
1023,no,5,rent,36,51,married,no_rec,fixed,63,184.0,0.0,0.0,635,785
1024,no,6,owner,24,39,married,no_rec,freelance,60,178.0,18000.0,0.0,1000,2099
1025,yes,9,rent,36,46,married,no_rec,fixed,84,87.0,0.0,0.0,1200,1471
1026,no,0,owner,60,25,married,no_rec,freelance,60,0.0,5500.0,1000.0,1100,1650
1027,yes,2,owner,48,20,single,no_rec,freelance,35,450.0,31000.0,0.0,1500,1853
1028,no,4,owner,48,35,married,no_rec,freelance,60,0.0,8000.0,0.0,1000,1613
1029,no,0,priv,60,42,married,no_rec,partime,35,210.0,1500.0,0.0,1250,1518
1030,no,15,owner,60,35,married,no_rec,fixed,75,290.0,15000.0,0.0,775,951
1031,no,17,owner,36,42,married,no_rec,fixed,45,115.0,4000.0,0.0,700,1631
1032,yes,3,owner,60,28,married,no_rec,fixed,45,210.0,5000.0,2700.0,1100,1516
1033,yes,2,rent,48,37,separated,yes_rec,freelance,35,0.0,0.0,0.0,2000,3900
1034,no,1,rent,60,21,married,no_rec,partime,45,100.0,17000.0,0.0,1050,1251
1035,no,2,parents,36,24,single,no_rec,fixed,35,69.0,3000.0,0.0,600,1604
1036,no,22,parents,24,51,married,no_rec,fixed,45,201.0,0.0,0.0,800,1385
1037,no,14,rent,48,32,married,no_rec,fixed,72,115.0,0.0,0.0,350,410
1038,no,12,rent,36,30,married,no_rec,fixed,65,203.0,0.0,0.0,1500,2700
1039,no,6,parents,48,24,single,no_rec,fixed,35,107.0,6500.0,1172.0,1000,1200
1040,no,10,parents,36,50,separated,no_rec,fixed,35,86.0,0.0,0.0,700,1473
1041,no,13,rent,60,31,divorced,yes_rec,freelance,41,55.0,0.0,0.0,1350,1428
1042,no,6,other,60,63,married,no_rec,fixed,45,234.0,0.0,0.0,610,1027
1043,no,0,owner,36,37,married,no_rec,freelance,75,150.0,7000.0,1500.0,500,720
1044,yes,9,other,60,35,married,no_rec,fixed,60,70.0,0.0,0.0,1500,1562
1045,no,22,owner,36,44,married,no_rec,fixed,75,120.0,7000.0,0.0,650,1852
1046,yes,2,owner,48,41,married,no_rec,fixed,60,142.0,4000.0,0.0,2000,2465
1047,no,10,priv,60,48,married,no_rec,fixed,35,161.0,9000.0,0.0,900,1100
1048,no,31,rent,60,59,married,no_rec,fixed,53,80.0,0.0,0.0,1050,1182
1049,no,18,other,60,43,married,no_rec,fixed,75,160.0,0.0,0.0,2000,2240
1050,no,6,owner,48,31,married,no_rec,fixed,60,251.0,3000.0,400.0,1000,1208
1051,no,16,rent,36,41,married,no_rec,fixed,52,71.0,0.0,0.0,900,950
1052,no,7,owner,60,33,married,no_rec,freelance,75,138.0,4000.0,0.0,1400,2035
1053,no,3,owner,24,35,married,no_rec,fixed,75,160.0,1800.0,0.0,200,957
1054,yes,2,priv,60,32,married,yes_rec,fixed,75,142.0,4000.0,0.0,1300,1566
1055,yes,0,owner,60,27,married,no_rec,partime,35,74.0,5000.0,2500.0,1550,1555
1056,yes,2,owner,60,32,married,no_rec,partime,60,75.0,5500.0,1500.0,1400,1732
1057,no,2,rent,36,58,married,no_rec,others,61,159.0,10000.0,0.0,950,1265
1058,no,0,parents,48,21,single,no_rec,fixed,35,50.0,0.0,0.0,1000,1091
1059,no,29,owner,60,52,married,no_rec,fixed,60,212.0,2200.0,0.0,1250,1301
1060,no,0,owner,36,53,separated,no_rec,freelance,35,0.0,10000.0,2000.0,600,787
1061,yes,5,parents,48,23,single,no_rec,partime,35,92.0,0.0,0.0,1200,1200
1062,no,5,priv,60,23,married,no_rec,fixed,35,167.0,7000.0,2160.0,1650,2100
1063,no,3,owner,48,32,married,no_rec,freelance,75,65.0,10500.0,1500.0,1500,2155
1064,no,1,rent,36,40,married,no_rec,fixed,58,125.0,0.0,0.0,700,700
1065,no,7,other,48,34,married,no_rec,freelance,45,37.0,0.0,0.0,800,941
1066,no,10,parents,48,24,single,no_rec,fixed,35,163.0,0.0,0.0,1000,1260
1067,no,5,rent,36,63,married,no_rec,others,50,54.0,3000.0,0.0,550,700
1068,no,22,owner,48,39,single,no_rec,fixed,35,83.0,2500.0,0.0,650,1265
1069,no,4,owner,36,25,single,no_rec,fixed,35,200.0,5000.0,0.0,900,1139
1070,yes,2,priv,24,41,married,yes_rec,freelance,135,959.0,2000.0,500.0,1050,1474
1071,no,0,rent,36,51,married,no_rec,fixed,113,230.0,0.0,0.0,950,950
1072,no,1,parents,36,24,single,no_rec,fixed,35,70.0,0.0,0.0,700,1067
1073,no,15,owner,60,45,divorced,no_rec,fixed,35,140.0,16000.0,0.0,1000,1200
1074,no,6,owner,12,44,married,no_rec,fixed,45,110.0,15000.0,0.0,300,1801
1075,no,0,owner,60,50,married,no_rec,fixed,75,250.0,15500.0,0.0,1000,1989
1076,no,2,owner,48,23,married,no_rec,fixed,35,125.0,3000.0,1600.0,1000,1259
1077,no,18,other,36,52,married,no_rec,fixed,35,120.0,0.0,0.0,600,1418
1078,no,4,owner,60,26,married,no_rec,fixed,45,140.0,3500.0,1500.0,600,1137
1079,no,1,owner,60,40,married,yes_rec,fixed,45,100.0,8500.0,0.0,400,1570
1080,no,3,rent,54,23,married,no_rec,fixed,59,140.0,0.0,0.0,1300,1345
1081,no,12,owner,12,50,married,no_rec,freelance,75,200.0,17000.0,3000.0,1250,1721
1082,no,0,owner,60,27,married,no_rec,fixed,35,295.0,6000.0,0.0,1950,2208
1083,no,10,owner,60,34,married,no_rec,fixed,45,115.0,9500.0,0.0,1450,1721
1084,no,9,priv,48,46,married,no_rec,fixed,45,100.0,37000.0,0.0,800,904
1085,no,10,owner,48,50,married,no_rec,freelance,60,40.0,12000.0,0.0,1000,1303
1086,yes,0,owner,60,30,married,no_rec,others,60,78.0,3500.0,0.0,1250,1365
1087,no,1,other,36,28,single,no_rec,freelance,35,100.0,0.0,0.0,1950,2074
1088,no,4,parents,60,23,single,no_rec,fixed,35,80.0,10000.0,0.0,1000,1559
1089,yes,0,owner,60,27,married,no_rec,partime,45,113.0,3000.0,1500.0,1200,1532
1090,yes,0,parents,60,30,married,no_rec,freelance,60,0.0,0.0,0.0,1000,1110
1091,no,16,parents,60,30,married,no_rec,fixed,35,80.0,2000.0,0.0,1200,1371
1092,yes,5,rent,48,49,widow,yes_rec,freelance,45,0.0,0.0,0.0,1000,2193
1093,no,2,owner,48,49,married,no_rec,fixed,45,125.0,4000.0,0.0,500,1600
1094,no,17,owner,24,53,married,no_rec,fixed,75,132.0,4000.0,0.0,400,1195
1095,yes,10,rent,60,37,married,no_rec,fixed,85,96.0,4000.0,850.0,1100,1340
1096,no,14,owner,36,36,married,yes_rec,fixed,75,115.0,11000.0,3600.0,1250,1550
1097,no,1,rent,60,34,married,no_rec,fixed,58,130.0,0.0,0.0,1000,1101
1098,no,12,priv,60,47,married,no_rec,fixed,60,243.0,8500.0,0.0,1850,1890
1099,no,0,parents,48,27,single,yes_rec,fixed,35,46.0,0.0,0.0,900,1216
1100,no,0,owner,48,25,single,no_rec,fixed,35,126.0,2800.0,0.0,1170,1372
1101,yes,0,other,24,46,single,yes_rec,fixed,35,78.0,0.0,0.0,550,550
1102,no,1,rent,36,34,married,no_rec,freelance,94,189.0,15000.0,1500.0,1500,2435
1103,yes,1,owner,36,36,married,no_rec,fixed,45,25.0,3000.0,2000.0,1100,1332
1104,no,4,other,48,20,single,no_rec,fixed,35,245.0,0.0,0.0,1126,1631
1105,yes,8,other,60,28,divorced,yes_rec,fixed,35,102.0,0.0,0.0,1100,1421
1106,yes,1,owner,48,33,married,no_rec,freelance,60,198.0,3000.0,0.0,1800,2196
1107,no,3,owner,60,58,married,yes_rec,fixed,45,150.0,10000.0,0.0,1000,1000
1108,no,10,owner,36,32,married,no_rec,freelance,75,202.0,2100.0,0.0,900,900
1109,no,18,other,36,42,single,no_rec,fixed,35,83.0,0.0,0.0,700,1380
1110,no,5,owner,18,29,married,no_rec,fixed,45,142.0,6000.0,3000.0,450,1678
1111,no,1,parents,48,22,single,no_rec,freelance,45,158.0,0.0,0.0,260,1440
1112,no,13,owner,24,47,married,yes_rec,fixed,75,300.0,12000.0,0.0,1000,1340
1113,yes,14,rent,48,33,married,no_rec,fixed,65,45.0,0.0,0.0,1300,1695
1114,yes,3,parents,60,34,single,yes_rec,partime,35,80.0,0.0,0.0,1100,1265
1115,no,12,owner,48,42,married,no_rec,fixed,60,118.0,5000.0,0.0,900,1350
1116,no,10,rent,60,31,married,no_rec,fixed,59,138.0,0.0,0.0,1600,1796
1117,no,8,other,60,29,married,no_rec,fixed,45,135.0,0.0,0.0,1400,1680
1118,no,20,owner,36,49,married,no_rec,fixed,45,122.0,9000.0,0.0,1100,1794
1119,no,20,owner,12,48,separated,no_rec,freelance,75,300.0,18000.0,0.0,760,1369
1120,yes,0,parents,60,23,single,no_rec,partime,35,205.0,0.0,0.0,1400,1426
1121,no,3,owner,18,40,married,no_rec,fixed,45,140.0,4000.0,0.0,400,1772
1122,no,9,owner,60,39,married,no_rec,fixed,35,350.0,8000.0,0.0,1250,1304
1123,yes,1,priv,60,41,married,yes_rec,partime,45,93.0,3000.0,0.0,1900,2230
1124,no,7,parents,60,27,married,no_rec,freelance,45,71.0,0.0,0.0,1500,1800
1125,yes,0,rent,60,43,married,no_rec,freelance,75,0.0,0.0,0.0,1400,1700
1126,no,0,parents,60,25,married,no_rec,others,45,209.0,2000.0,0.0,900,1436
1127,no,6,other,12,60,married,no_rec,freelance,90,700.0,28000.0,0.0,1350,1612
1128,no,2,parents,60,26,single,no_rec,fixed,35,104.0,10000.0,0.0,1400,1490
1129,yes,9,rent,60,32,married,yes_rec,freelance,71,109.0,0.0,0.0,1135,1355
1130,yes,8,owner,60,30,married,no_rec,partime,60,90.0,3000.0,500.0,1000,1339
1131,yes,2,owner,60,32,married,yes_rec,fixed,60,101.0,7000.0,2500.0,1600,1850
1132,no,2,parents,60,41,married,yes_rec,fixed,35,80.0,0.0,0.0,1000,1500
1133,no,3,parents,24,25,single,yes_rec,fixed,35,128.0,0.0,0.0,300,1397
1134,no,20,owner,48,47,married,no_rec,fixed,75,175.0,4000.0,0.0,875,1098
1135,no,2,parents,36,25,single,no_rec,fixed,35,110.0,0.0,0.0,500,1200
1136,no,3,parents,36,29,single,yes_rec,fixed,35,108.0,0.0,0.0,1000,1245
1137,yes,13,priv,60,38,married,no_rec,fixed,90,108.0,1500.0,30.0,1400,1410
1138,yes,2,rent,48,31,married,no_rec,freelance,45,0.0,0.0,0.0,1300,1300
1139,yes,12,owner,60,51,married,no_rec,fixed,45,144.0,9000.0,0.0,1450,1490
1140,yes,1,priv,48,34,married,yes_rec,freelance,45,200.0,3000.0,1500.0,1000,1191
1141,no,7,parents,60,25,single,no_rec,fixed,35,75.0,0.0,0.0,1100,1340
1142,no,10,owner,24,47,married,no_rec,fixed,60,131.0,6000.0,0.0,250,1400
1143,yes,1,parents,60,34,married,no_rec,fixed,75,190.0,0.0,0.0,700,719
1144,no,25,owner,48,55,married,no_rec,fixed,60,139.0,5000.0,0.0,1000,1300
1145,no,1,owner,48,28,married,no_rec,partime,45,123.0,4000.0,1978.0,1100,1556
1146,no,7,owner,36,24,married,no_rec,fixed,45,95.0,3000.0,0.0,1000,1597
1147,no,13,rent,60,36,married,no_rec,fixed,79,191.0,4000.0,700.0,1000,1209
1148,no,20,owner,24,47,married,no_rec,freelance,75,300.0,5000.0,0.0,600,832
1149,yes,5,other,60,53,married,no_rec,freelance,35,0.0,0.0,0.0,2000,2365
1150,yes,6,parents,60,23,single,no_rec,fixed,35,50.0,0.0,0.0,1200,1830
1151,no,14,rent,48,43,married,no_rec,fixed,54,85.0,2000.0,0.0,500,800
1152,yes,2,rent,60,24,married,no_rec,fixed,70,100.0,0.0,0.0,900,1127
1153,yes,2,parents,36,24,single,no_rec,fixed,35,90.0,0.0,0.0,1000,1150
1154,no,5,owner,36,39,married,no_rec,fixed,60,150.0,10000.0,0.0,1350,1758
1155,no,4,owner,6,30,single,no_rec,fixed,35,300.0,10000.0,0.0,750,1436
1156,no,0,rent,36,29,single,no_rec,partime,46,113.0,0.0,0.0,1100,1110
1157,no,1,rent,24,24,married,no_rec,partime,50,50.0,0.0,0.0,350,400
1158,no,4,parents,60,28,divorced,no_rec,fixed,35,185.0,0.0,0.0,1500,1797
1159,yes,11,owner,48,30,married,no_rec,fixed,75,67.0,3000.0,2040.0,1000,1093
1160,no,6,owner,36,37,married,no_rec,freelance,75,63.0,4000.0,50.0,800,1637
1161,yes,3,rent,48,26,married,yes_rec,freelance,45,0.0,0.0,0.0,1400,1704
1162,no,5,parents,36,29,single,no_rec,fixed,35,134.0,0.0,0.0,300,425
1163,no,0,owner,48,29,married,no_rec,others,60,50.0,11000.0,0.0,1000,1480
1164,yes,7,other,60,35,married,yes_rec,fixed,45,120.0,0.0,0.0,1400,1715
1165,no,1,rent,60,32,married,no_rec,partime,75,154.0,0.0,0.0,1500,1517
1166,no,7,owner,48,29,married,no_rec,fixed,35,68.0,3500.0,0.0,500,1700
1167,no,9,owner,60,24,married,no_rec,fixed,35,125.0,4000.0,0.0,1000,1174
1168,yes,0,rent,24,23,married,yes_rec,fixed,83,80.0,0.0,0.0,425,590
1169,no,8,rent,24,32,married,yes_rec,fixed,75,154.0,0.0,0.0,750,1258
1170,yes,6,parents,48,32,single,yes_rec,fixed,35,85.0,0.0,0.0,1100,1330
1171,yes,15,priv,48,49,married,yes_rec,fixed,60,112.0,2000.0,1000.0,900,960
1172,no,0,parents,24,22,single,no_rec,partime,35,80.0,0.0,0.0,650,1356
1173,no,16,parents,60,41,married,no_rec,fixed,75,242.0,0.0,0.0,1300,1482
1174,no,4,owner,24,26,single,no_rec,fixed,35,136.0,2500.0,0.0,450,950
1175,yes,0,other,60,47,married,yes_rec,others,45,250.0,100000.0,0.0,1300,1700
1176,no,17,owner,48,43,married,no_rec,fixed,75,251.0,5500.0,0.0,1100,1664
1177,yes,3,owner,60,40,married,yes_rec,fixed,60,200.0,8000.0,0.0,1700,2000
1178,no,3,owner,48,26,married,no_rec,fixed,35,92.0,5000.0,0.0,600,1550
1179,no,0,owner,12,21,single,no_rec,fixed,35,147.0,1500.0,0.0,350,350
1180,no,15,priv,60,43,married,no_rec,fixed,75,126.0,3000.0,0.0,1350,1360
1181,no,13,owner,60,35,married,no_rec,fixed,60,134.0,4500.0,700.0,1000,1894
1182,no,11,owner,12,26,married,yes_rec,partime,35,110.0,4500.0,2000.0,300,1248
1183,no,2,owner,36,24,married,yes_rec,fixed,35,160.0,3100.0,400.0,800,1928
1184,yes,4,parents,42,27,single,no_rec,fixed,35,70.0,0.0,0.0,600,926
1185,no,14,owner,48,41,married,yes_rec,fixed,75,72.0,4000.0,0.0,800,1117
1186,no,4,priv,60,37,married,no_rec,freelance,75,120.0,10500.0,1500.0,1200,1341
1187,yes,1,parents,60,23,single,no_rec,fixed,35,100.0,0.0,0.0,1500,2610
1188,yes,0,owner,60,43,married,yes_rec,fixed,60,85.0,4000.0,0.0,1500,1813
1189,no,32,parents,42,53,married,no_rec,freelance,60,160.0,0.0,0.0,200,829
1190,no,2,parents,48,25,single,yes_rec,fixed,35,233.0,0.0,0.0,1000,1090
1191,yes,2,rent,36,23,single,no_rec,fixed,43,79.0,0.0,0.0,900,1000
1192,no,0,owner,36,40,married,no_rec,fixed,75,126.0,8000.0,0.0,2000,2261
1193,no,8,owner,36,58,married,no_rec,fixed,35,85.0,10000.0,0.0,1000,1510
1194,no,22,priv,60,36,married,no_rec,fixed,75,190.0,3500.0,0.0,1300,1579
1195,no,2,owner,60,23,single,no_rec,fixed,45,75.0,7000.0,0.0,1070,1209
1196,no,1,parents,48,24,single,no_rec,fixed,35,53.0,0.0,0.0,1200,1215
1197,yes,0,other,36,22,single,no_rec,fixed,35,0.0,0.0,0.0,800,800
1198,yes,7,rent,60,22,married,no_rec,partime,47,119.0,0.0,0.0,1040,1200
1199,no,18,parents,60,34,married,no_rec,fixed,60,112.0,6550.0,0.0,600,1346
1200,no,10,rent,36,33,married,no_rec,fixed,68,84.0,0.0,0.0,400,470
1201,no,12,owner,60,35,married,yes_rec,fixed,35,108.0,18500.0,1300.0,1550,1584
1202,yes,17,owner,60,46,married,yes_rec,fixed,75,80.0,3000.0,0.0,900,1286
1203,no,10,owner,24,50,married,no_rec,freelance,45,102.0,6000.0,0.0,1000,2445
1204,no,14,rent,36,32,married,no_rec,fixed,87,120.0,0.0,0.0,550,750
1205,yes,0,parents,60,25,married,yes_rec,fixed,45,148.0,0.0,0.0,1400,1557
1206,yes,2,other,60,45,married,yes_rec,partime,60,90.0,0.0,0.0,1000,1457
1207,no,9,owner,48,41,separated,no_rec,fixed,35,60.0,8000.0,1000.0,1200,1538
1208,no,18,owner,60,39,married,no_rec,fixed,60,130.0,3500.0,0.0,1400,1471
1209,no,15,owner,60,34,married,no_rec,fixed,45,82.0,3500.0,0.0,750,1624
1210,no,15,parents,36,37,married,no_rec,fixed,75,130.0,0.0,0.0,800,1479
1211,no,17,rent,60,58,widow,no_rec,fixed,48,131.0,0.0,0.0,1000,1658
1212,no,1,owner,60,34,married,no_rec,freelance,60,0.0,11000.0,0.0,1400,1500
1213,no,25,owner,60,53,married,yes_rec,fixed,35,116.0,3000.0,42.0,1450,1524
1214,no,10,owner,60,42,married,yes_rec,fixed,75,100.0,6000.0,1500.0,1350,1414
1215,no,1,owner,12,28,married,no_rec,partime,45,130.0,18000.0,2500.0,400,2575
1216,no,3,owner,60,36,married,no_rec,fixed,60,202.0,4600.0,1260.0,1400,1936
1217,no,1,parents,60,22,married,no_rec,fixed,60,117.0,0.0,0.0,1100,1280
1218,yes,1,parents,36,28,married,yes_rec,fixed,60,95.0,4000.0,0.0,500,625
1219,no,15,owner,60,33,married,no_rec,fixed,90,144.0,3000.0,200.0,960,960
1220,yes,0,parents,60,34,single,no_rec,partime,35,70.0,0.0,0.0,900,1005
1221,no,3,owner,24,64,married,no_rec,others,45,172.0,8000.0,0.0,400,1115
1222,no,5,owner,24,37,married,no_rec,freelance,90,143.0,7000.0,0.0,700,900
1223,yes,4,rent,60,27,widow,yes_rec,freelance,35,0.0,0.0,0.0,1700,1700
1224,yes,0,other,36,36,single,no_rec,freelance,35,0.0,0.0,0.0,1250,1575
1225,no,2,owner,60,40,married,no_rec,freelance,75,67.0,25000.0,0.0,1800,2287
1226,no,2,priv,48,34,married,no_rec,fixed,90,170.0,6000.0,0.0,1280,1879
1227,yes,2,owner,60,38,married,yes_rec,fixed,75,77.0,13000.0,5000.0,1805,1805
1228,yes,5,parents,36,45,married,yes_rec,fixed,75,68.0,0.0,0.0,2375,2875
1229,no,0,parents,48,21,single,no_rec,partime,35,106.0,5000.0,0.0,500,1131
1230,no,1,parents,48,23,single,no_rec,fixed,35,139.0,0.0,0.0,650,650
1231,no,0,priv,48,41,married,no_rec,fixed,75,146.0,10000.0,0.0,1370,1623
1232,no,12,parents,48,38,separated,no_rec,fixed,35,154.0,0.0,0.0,1300,2094
1233,no,13,owner,60,31,married,no_rec,fixed,45,180.0,7500.0,1400.0,1200,1491
1234,no,5,priv,60,24,single,no_rec,fixed,35,145.0,4000.0,0.0,1000,1346
1235,no,5,parents,60,21,single,no_rec,fixed,35,60.0,0.0,0.0,1100,1134
1236,no,9,owner,60,47,married,no_rec,fixed,60,55.0,9500.0,0.0,600,1164
1237,yes,3,owner,60,22,single,yes_rec,freelance,35,178.0,9000.0,3000.0,1500,1528
1238,no,20,owner,48,53,married,no_rec,freelance,60,83.0,7500.0,0.0,1200,1797
1239,yes,0,other,48,45,married,no_rec,freelance,75,120.0,0.0,0.0,900,964
1240,yes,1,rent,36,25,married,no_rec,fixed,54,87.0,0.0,0.0,500,646
1241,yes,13,rent,48,28,married,yes_rec,fixed,54,190.0,0.0,0.0,800,1157
1242,no,8,rent,60,31,single,no_rec,fixed,46,110.0,0.0,0.0,850,880
1243,no,2,owner,60,30,married,yes_rec,fixed,45,174.0,4000.0,0.0,2000,2250
1244,yes,15,rent,60,37,married,yes_rec,fixed,107,319.0,0.0,0.0,1800,2215
1245,no,13,owner,60,36,married,no_rec,fixed,45,72.0,3500.0,45.0,1400,1625
1246,no,3,owner,60,31,married,no_rec,fixed,45,176.0,4500.0,2500.0,1400,1607
1247,no,3,owner,48,25,single,no_rec,fixed,35,125.0,4000.0,0.0,1000,1301
1248,no,20,owner,18,62,married,no_rec,fixed,60,125.0,5000.0,0.0,500,1150
1249,yes,7,parents,60,24,single,no_rec,fixed,35,92.0,0.0,0.0,1618,1618
1250,yes,6,rent,36,41,married,yes_rec,freelance,75,0.0,0.0,0.0,775,875
1251,no,0,owner,36,24,single,no_rec,partime,45,97.0,8000.0,0.0,600,1542
1252,yes,2,rent,36,35,single,no_rec,fixed,47,120.0,0.0,0.0,900,1200
1253,no,16,parents,60,31,married,yes_rec,fixed,35,150.0,0.0,0.0,1300,1400
1254,yes,11,priv,60,39,married,no_rec,fixed,60,120.0,3000.0,1000.0,1450,1499
1255,no,0,parents,60,39,single,no_rec,fixed,35,100.0,0.0,0.0,1000,1556
1256,yes,1,owner,48,25,married,no_rec,partime,35,63.0,3500.0,0.0,890,890
1257,no,18,parents,60,42,divorced,yes_rec,fixed,35,145.0,0.0,0.0,1000,1025
1258,no,3,rent,60,28,married,no_rec,fixed,70,245.0,0.0,0.0,1830,2201
1259,no,6,other,48,25,single,no_rec,fixed,35,300.0,0.0,0.0,2400,2700
1260,no,12,owner,60,38,married,no_rec,freelance,75,225.0,4500.0,900.0,1000,1606
1261,no,11,owner,60,27,married,no_rec,fixed,60,125.0,2500.0,0.0,1100,1220
1262,yes,2,priv,48,27,married,no_rec,others,75,59.0,2500.0,2200.0,1200,1530
1263,no,17,owner,60,44,married,no_rec,fixed,45,116.0,3000.0,0.0,800,1654
1264,no,2,owner,36,28,married,no_rec,partime,60,146.0,2500.0,0.0,700,1258
1265,no,1,owner,36,26,married,no_rec,fixed,35,154.0,7000.0,1700.0,1400,1735
1266,no,28,owner,42,50,widow,no_rec,fixed,35,175.0,6000.0,0.0,1150,1397
1267,yes,1,owner,36,27,married,no_rec,partime,45,127.0,4500.0,3000.0,600,745
1268,no,4,owner,48,29,married,no_rec,fixed,45,160.0,3500.0,0.0,1000,1226
1269,no,3,owner,48,37,widow,no_rec,fixed,45,160.0,6000.0,3000.0,1000,1520
1270,no,8,parents,60,24,single,no_rec,freelance,35,0.0,0.0,0.0,900,996
1271,yes,0,parents,36,22,single,no_rec,partime,35,103.0,4500.0,0.0,1050,1485
1272,no,10,owner,36,37,married,yes_rec,fixed,60,320.0,15000.0,1000.0,1000,2191
1273,no,2,rent,48,31,married,no_rec,fixed,67,67.0,0.0,0.0,970,1273
1274,no,40,owner,24,60,married,no_rec,freelance,45,80.0,7500.0,0.0,325,1365
1275,no,2,owner,60,26,married,no_rec,fixed,45,120.0,3500.0,0.0,300,1329
1276,yes,3,owner,36,26,single,no_rec,freelance,35,0.0,60000.0,3000.0,800,1000
1277,no,16,owner,60,33,married,no_rec,fixed,45,90.0,6000.0,0.0,1500,1630
1278,no,20,owner,30,52,married,yes_rec,fixed,45,85.0,3500.0,0.0,250,1287
1279,yes,4,priv,36,38,married,no_rec,partime,75,170.0,5000.0,1500.0,650,700
1280,yes,3,parents,60,41,single,yes_rec,fixed,35,90.0,0.0,0.0,949,949
1281,no,3,priv,18,23,single,no_rec,others,35,0.0,12000.0,0.0,450,1450
1282,no,3,owner,60,54,widow,no_rec,others,35,80.0,4000.0,0.0,950,1382
1283,no,6,owner,36,28,married,no_rec,fixed,45,89.0,5000.0,0.0,800,1054
1284,no,5,owner,48,55,married,no_rec,freelance,90,41.0,30000.0,0.0,850,1344
1285,no,8,parents,42,27,single,no_rec,fixed,35,107.0,0.0,0.0,400,1418
1286,no,6,owner,60,36,separated,no_rec,freelance,45,85.0,5000.0,0.0,1000,1341
1287,yes,1,rent,60,21,single,no_rec,partime,41,60.0,0.0,0.0,850,930
1288,no,2,parents,60,24,single,no_rec,fixed,35,100.0,0.0,0.0,1600,1601
1289,no,13,parents,36,43,single,no_rec,fixed,35,204.0,0.0,0.0,200,325
1290,no,2,other,48,29,single,no_rec,fixed,35,75.0,0.0,0.0,650,824
1291,yes,15,owner,60,44,married,no_rec,fixed,75,240.0,10000.0,7000.0,1000,1026
1292,yes,0,rent,48,25,married,yes_rec,partime,49,139.0,0.0,0.0,1450,1701
1293,no,3,owner,36,32,married,no_rec,freelance,60,0.0,8000.0,12.0,1600,1600
1294,yes,1,parents,48,36,married,no_rec,partime,60,45.0,0.0,0.0,1200,1401
1295,yes,1,rent,48,33,divorced,no_rec,fixed,60,250.0,0.0,0.0,1300,1573
1296,no,0,owner,18,20,single,no_rec,partime,35,180.0,4000.0,0.0,700,960
1297,yes,0,other,60,42,married,no_rec,freelance,45,0.0,0.0,0.0,2700,3700
1298,no,9,owner,48,23,single,no_rec,fixed,35,123.0,7500.0,0.0,800,1111
1299,no,11,owner,60,26,married,no_rec,fixed,45,90.0,3000.0,0.0,900,931
1300,no,10,owner,36,32,married,no_rec,fixed,75,112.0,5000.0,3600.0,400,830
1301,no,1,owner,60,35,married,no_rec,fixed,75,155.0,3000.0,0.0,1250,1391
1302,no,3,parents,36,28,single,no_rec,fixed,35,91.0,0.0,0.0,1000,2050
1303,yes,1,parents,48,22,single,no_rec,partime,35,52.0,0.0,0.0,1200,1442
1304,no,20,owner,60,54,married,no_rec,fixed,60,195.0,15000.0,0.0,900,1430
1305,no,8,rent,48,44,married,no_rec,fixed,62,170.0,0.0,0.0,1000,1387
1306,no,2,parents,36,24,single,no_rec,fixed,35,60.0,0.0,0.0,450,750
1307,no,5,parents,60,59,married,no_rec,others,35,140.0,5000.0,0.0,650,730
1308,no,4,other,12,28,married,no_rec,fixed,45,99.0,0.0,0.0,250,1000
1309,no,2,parents,12,26,single,no_rec,fixed,35,105.0,0.0,0.0,360,1258
1310,no,12,parents,24,28,single,no_rec,fixed,35,102.0,4000.0,0.0,250,1150
1311,no,14,owner,12,41,married,no_rec,freelance,60,245.0,7000.0,0.0,500,1253
1312,no,0,parents,24,29,single,no_rec,others,35,0.0,0.0,0.0,600,1243
1313,no,4,priv,36,26,married,no_rec,fixed,45,107.0,3000.0,0.0,700,700
1314,no,4,rent,48,38,married,no_rec,fixed,91,161.0,5000.0,0.0,800,1008
1315,yes,14,owner,60,47,widow,yes_rec,fixed,35,100.0,4000.0,2000.0,1475,1475
1316,yes,5,rent,36,28,married,no_rec,freelance,60,0.0,0.0,0.0,900,1200
1317,yes,10,owner,60,62,married,no_rec,fixed,60,78.0,6000.0,0.0,1130,1130
1318,no,5,parents,18,22,single,no_rec,fixed,35,80.0,0.0,0.0,600,1132
1319,no,17,owner,60,51,single,no_rec,fixed,35,155.0,3000.0,0.0,1250,1668
1320,no,2,other,24,30,married,yes_rec,fixed,45,233.0,0.0,0.0,900,1189
1321,no,1,owner,36,19,single,no_rec,fixed,45,98.0,4000.0,0.0,200,1330
1322,no,7,owner,60,25,married,no_rec,fixed,60,102.0,3500.0,1500.0,1400,1432
1323,no,42,owner,60,60,married,no_rec,fixed,45,232.0,5000.0,0.0,1130,1275
1324,no,6,owner,48,51,married,no_rec,freelance,45,106.0,12000.0,0.0,1035,1410
1325,no,25,owner,60,63,married,no_rec,freelance,60,70.0,10000.0,0.0,700,925
1326,no,12,owner,60,26,married,no_rec,fixed,60,187.0,6000.0,1000.0,1100,1175
1327,no,10,owner,60,34,married,no_rec,freelance,75,300.0,11000.0,0.0,1000,1560
1328,no,30,priv,36,66,single,no_rec,fixed,35,111.0,3500.0,0.0,800,1251
1329,yes,3,parents,60,32,single,no_rec,fixed,35,122.0,0.0,0.0,2000,2050
1330,no,3,owner,36,38,married,no_rec,fixed,75,106.0,8500.0,0.0,2375,2375
1331,no,2,rent,48,19,single,no_rec,freelance,60,246.0,20500.0,0.0,1370,1371
1332,no,13,owner,48,37,married,no_rec,fixed,60,205.0,5000.0,0.0,600,1243
1333,no,22,owner,60,46,married,no_rec,fixed,60,75.0,3000.0,600.0,950,1263
1334,no,10,parents,36,27,married,yes_rec,fixed,60,150.0,0.0,0.0,1000,1788
1335,no,4,owner,60,28,married,no_rec,freelance,60,125.0,10000.0,3500.0,1200,2100
1336,no,10,owner,36,59,married,no_rec,fixed,75,120.0,3000.0,0.0,250,850
1337,no,10,rent,36,38,married,no_rec,fixed,66,210.0,0.0,0.0,500,1171
1338,no,10,owner,30,32,married,no_rec,freelance,60,65.0,3000.0,0.0,600,1200
1339,no,1,rent,36,24,married,no_rec,fixed,59,135.0,0.0,0.0,650,1136
1340,no,1,owner,60,42,married,no_rec,fixed,60,76.0,5000.0,0.0,1000,1299
1341,yes,8,owner,60,40,married,yes_rec,fixed,75,96.0,4000.0,1700.0,2050,2050
1342,yes,2,rent,24,23,single,yes_rec,freelance,75,400.0,0.0,0.0,750,900
1343,yes,10,owner,60,42,married,no_rec,freelance,90,40.0,5000.0,1600.0,2000,2550
1344,no,4,owner,60,24,married,no_rec,partime,45,67.0,4000.0,2000.0,1000,1164
1345,no,4,parents,12,30,married,no_rec,fixed,60,340.0,16000.0,0.0,1900,2014
1346,no,10,rent,60,36,married,no_rec,fixed,85,100.0,0.0,0.0,850,1150
1347,yes,0,owner,24,58,married,yes_rec,fixed,45,150.0,4000.0,0.0,600,1607
1348,no,10,owner,36,38,married,no_rec,fixed,75,135.0,5500.0,1440.0,690,1000
1349,no,4,rent,36,60,married,no_rec,fixed,56,111.0,0.0,0.0,500,675
1350,yes,0,parents,60,23,single,no_rec,others,35,46.0,0.0,0.0,1340,1340
1351,no,0,rent,60,32,married,no_rec,fixed,105,301.0,0.0,0.0,1200,1274
1352,yes,12,rent,60,37,married,no_rec,freelance,84,92.0,0.0,0.0,1300,1850
1353,yes,5,owner,60,50,married,no_rec,partime,60,81.0,5000.0,0.0,1540,1770
1354,yes,6,other,36,35,married,no_rec,freelance,35,23.0,3000.0,0.0,250,350
1355,no,12,owner,54,35,married,no_rec,fixed,75,113.0,3000.0,600.0,1650,1800
1356,no,38,owner,48,57,married,no_rec,freelance,45,58.0,12000.0,0.0,1500,3262
1357,no,9,priv,60,26,married,no_rec,fixed,35,217.0,4000.0,0.0,750,1546
1358,no,14,parents,18,29,married,no_rec,fixed,45,162.0,0.0,0.0,600,2120
1359,yes,2,rent,60,20,single,no_rec,fixed,46,108.0,0.0,0.0,1200,1300
1360,no,15,rent,48,46,married,no_rec,fixed,57,122.0,0.0,0.0,1350,1500
1361,no,19,owner,36,47,married,no_rec,fixed,35,110.0,12000.0,1600.0,1400,1883
1362,no,10,owner,36,56,married,yes_rec,freelance,90,321.0,26000.0,0.0,975,1576
1363,no,8,owner,36,37,married,yes_rec,fixed,75,190.0,20000.0,0.0,1000,2105
1364,no,15,owner,48,29,married,no_rec,freelance,45,176.0,16200.0,0.0,1400,2475
1365,yes,0,owner,12,61,married,no_rec,others,60,40.0,4000.0,0.0,170,1394
1366,no,6,owner,18,42,married,no_rec,freelance,90,45.0,4000.0,34.0,200,1500
1367,no,5,owner,24,41,married,no_rec,freelance,105,156.0,10000.0,0.0,800,1894
1368,no,9,rent,60,30,married,no_rec,fixed,63,178.0,0.0,0.0,1680,1931
1369,yes,3,owner,36,36,married,no_rec,freelance,90,82.0,4000.0,0.0,1300,1500
1370,no,2,parents,36,24,married,yes_rec,freelance,45,0.0,0.0,0.0,1000,2223
1371,no,6,parents,48,30,single,no_rec,freelance,35,0.0,7000.0,0.0,700,1054
1372,no,5,rent,36,31,married,no_rec,freelance,46,109.0,0.0,0.0,400,750
1373,yes,2,priv,60,37,married,yes_rec,fixed,60,120.0,3000.0,1380.0,1000,1582
1374,no,20,owner,36,51,married,no_rec,fixed,45,90.0,3500.0,0.0,675,775
1375,no,9,owner,60,47,married,no_rec,freelance,75,178.0,50000.0,0.0,1850,1852
1376,no,0,owner,60,30,married,yes_rec,fixed,75,255.0,4000.0,0.0,1500,1749
1377,no,5,parents,24,26,single,no_rec,freelance,35,100.0,0.0,0.0,800,2450
1378,no,2,parents,36,34,married,no_rec,fixed,60,400.0,9800.0,0.0,900,1316
1379,no,5,owner,48,46,married,no_rec,fixed,90,137.0,2000.0,0.0,1100,1487
1380,no,30,owner,36,52,married,no_rec,fixed,60,190.0,5000.0,0.0,800,950
1381,no,26,priv,48,60,married,no_rec,fixed,45,134.0,4200.0,2000.0,700,2684
1382,no,7,parents,60,27,single,no_rec,freelance,35,39.0,0.0,0.0,1000,1678
1383,no,10,owner,24,52,married,no_rec,fixed,60,81.0,5000.0,0.0,250,1003
1384,yes,10,owner,36,39,married,yes_rec,freelance,75,160.0,15000.0,0.0,3250,3750
1385,no,0,other,36,50,married,no_rec,partime,60,162.0,20000.0,0.0,1000,1615
1386,yes,3,rent,60,31,married,yes_rec,fixed,81,57.0,0.0,0.0,1400,1475
1387,no,0,owner,48,49,married,no_rec,freelance,105,280.0,20000.0,0.0,800,1137
1388,no,32,owner,36,56,married,no_rec,fixed,60,152.0,7000.0,0.0,1000,2950
1389,yes,8,parents,48,29,single,yes_rec,freelance,35,0.0,0.0,0.0,1145,1145
1390,no,8,parents,60,22,single,no_rec,fixed,35,86.0,8000.0,0.0,1200,1214
1391,no,11,owner,36,27,married,no_rec,fixed,60,172.0,7000.0,0.0,900,1201
1392,no,15,owner,36,52,married,no_rec,fixed,105,274.0,8000.0,0.0,300,325
1393,no,1,rent,60,35,widow,no_rec,fixed,45,100.0,0.0,0.0,1250,1400
1394,no,20,other,12,65,married,yes_rec,freelance,45,430.0,70000.0,0.0,1000,1321
1395,no,10,parents,48,26,single,no_rec,fixed,35,55.0,12000.0,0.0,750,768
1396,yes,3,priv,60,34,married,yes_rec,fixed,75,200.0,2500.0,0.0,1350,1589
1397,yes,0,ignore,36,38,married,no_rec,partime,60,95.0,0.0,0.0,1000,1647
1398,no,26,owner,60,55,married,no_rec,fixed,60,110.0,10000.0,0.0,1500,1527
1399,yes,0,owner,18,50,married,no_rec,freelance,135,0.0,2000.0,0.0,700,1256
1400,no,2,owner,24,47,married,yes_rec,freelance,35,95.0,7000.0,0.0,800,2333
1401,no,3,rent,24,28,married,no_rec,fixed,80,198.0,0.0,0.0,100,560
1402,yes,0,owner,24,54,married,yes_rec,freelance,45,185.0,60000.0,0.0,1400,1640
1403,no,7,owner,60,28,married,no_rec,fixed,35,111.0,3000.0,0.0,1600,1707
1404,yes,0,parents,60,23,single,no_rec,partime,35,95.0,0.0,0.0,1400,1478
1405,no,1,rent,48,42,married,no_rec,freelance,76,160.0,0.0,0.0,1200,1326
1406,no,6,rent,60,49,married,yes_rec,partime,100,100.0,30000.0,0.0,1500,1500
1407,no,2,parents,48,22,single,yes_rec,fixed,35,187.0,15000.0,0.0,1100,1170
1408,yes,4,parents,60,28,married,no_rec,partime,45,135.0,0.0,0.0,1350,1471
1409,no,7,rent,12,41,separated,no_rec,freelance,35,0.0,1200.0,0.0,200,850
1410,yes,9,owner,60,40,separated,yes_rec,fixed,35,67.0,1600.0,0.0,800,935
1411,no,0,rent,60,33,married,no_rec,freelance,65,200.0,0.0,0.0,700,800
1412,yes,0,other,36,36,married,yes_rec,freelance,45,300.0,30000.0,0.0,3000,6802
1413,no,6,priv,60,45,married,no_rec,fixed,60,169.0,2500.0,300.0,1250,1565
1414,no,15,rent,12,35,separated,no_rec,fixed,44,90.0,9000.0,0.0,400,1400
1415,no,16,owner,60,39,married,no_rec,fixed,60,148.0,3500.0,0.0,750,1346
1416,no,2,owner,36,32,married,no_rec,fixed,75,114.0,5000.0,0.0,1000,1853
1417,no,20,owner,48,53,married,no_rec,freelance,35,0.0,6000.0,0.0,1157,1200
1418,yes,0,owner,48,28,married,no_rec,fixed,45,80.0,1500.0,0.0,1260,1634
1419,no,18,owner,60,51,married,yes_rec,fixed,45,182.0,5000.0,0.0,1500,1500
1420,no,0,rent,60,24,single,no_rec,fixed,63,182.0,2500.0,0.0,900,1325
1421,no,1,other,24,24,single,no_rec,fixed,35,114.0,0.0,0.0,400,550
1422,no,1,rent,36,37,divorced,no_rec,partime,55,200.0,15000.0,0.0,1100,1650
1423,no,25,owner,24,54,married,no_rec,freelance,75,215.0,15000.0,0.0,1500,2070
1424,no,4,owner,60,33,married,no_rec,fixed,75,128.0,3500.0,100.0,400,1244
1425,no,2,parents,60,23,single,no_rec,fixed,35,106.0,0.0,0.0,820,1097
1426,no,2,parents,48,23,single,no_rec,partime,35,160.0,3500.0,1200.0,1200,1426
1427,yes,10,owner,36,37,separated,yes_rec,fixed,60,150.0,30000.0,3000.0,1000,1400
1428,no,9,owner,60,30,married,no_rec,freelance,60,166.0,4000.0,1500.0,1350,1570
1429,yes,1,owner,36,35,married,no_rec,freelance,75,43.0,3000.0,280.0,800,950
1430,no,0,other,36,26,married,no_rec,fixed,45,260.0,0.0,0.0,725,775
1431,yes,4,rent,60,58,married,yes_rec,freelance,60,0.0,0.0,0.0,900,2906
1432,yes,5,owner,60,30,married,yes_rec,freelance,45,107.0,8000.0,0.0,2500,3106
1433,yes,5,parents,24,26,single,no_rec,fixed,35,140.0,0.0,0.0,450,900
1434,no,4,rent,54,27,married,no_rec,fixed,74,139.0,0.0,0.0,900,1132
1435,no,1,owner,60,55,married,no_rec,others,45,129.0,3000.0,0.0,970,1264
1436,no,5,owner,60,36,married,no_rec,fixed,75,141.0,4000.0,0.0,1300,1435
1437,no,15,owner,60,53,married,no_rec,freelance,45,148.0,6000.0,0.0,1000,1330
1438,no,9,rent,36,34,single,no_rec,fixed,49,136.0,0.0,0.0,800,1064
1439,no,10,owner,48,34,married,no_rec,freelance,75,200.0,19000.0,0.0,750,1590
1440,no,12,owner,48,35,separated,no_rec,freelance,45,500.0,200000.0,0.0,2380,4786
1441,no,5,parents,36,28,married,no_rec,fixed,45,107.0,0.0,0.0,1160,1959
1442,no,4,owner,60,41,married,no_rec,fixed,45,87.0,6500.0,0.0,1100,1670
1443,yes,1,owner,48,26,married,no_rec,freelance,75,180.0,1600.0,0.0,1450,1610
1444,no,4,rent,36,35,single,no_rec,fixed,46,110.0,0.0,0.0,1000,1642
1445,no,1,rent,60,35,married,no_rec,partime,83,76.0,10000.0,0.0,1000,1350
1446,yes,4,owner,60,40,married,yes_rec,fixed,60,231.0,7000.0,3000.0,1100,1291
1447,no,1,owner,42,38,married,no_rec,fixed,75,174.0,8000.0,0.0,1300,1683
1448,no,0,rent,36,26,single,no_rec,fixed,46,107.0,0.0,0.0,310,910
1449,no,15,parents,18,30,married,no_rec,fixed,45,260.0,8000.0,1500.0,500,2071
1450,no,10,owner,36,39,married,no_rec,freelance,75,150.0,3000.0,0.0,1000,1394
1451,no,5,rent,48,31,single,yes_rec,fixed,47,120.0,0.0,0.0,900,1492
1452,no,10,owner,60,46,married,yes_rec,freelance,75,800.0,25000.0,2050.0,2600,3190
1453,no,31,owner,48,57,married,yes_rec,freelance,60,230.0,19400.0,1781.0,600,887
1454,no,2,owner,24,33,married,yes_rec,fixed,75,147.0,2000.0,900.0,400,750
1455,no,20,parents,48,37,single,no_rec,fixed,35,114.0,0.0,0.0,1200,2472
1456,no,20,priv,48,40,married,no_rec,fixed,75,144.0,7000.0,0.0,500,980
1457,no,2,parents,60,26,married,no_rec,fixed,45,199.0,0.0,0.0,1500,1698
1458,yes,5,rent,36,48,married,no_rec,freelance,97,365.0,0.0,0.0,1300,1736
1459,no,14,owner,36,34,married,no_rec,fixed,60,143.0,5000.0,0.0,1400,1939
1460,no,0,parents,60,21,single,no_rec,others,35,149.0,3000.0,0.0,1400,1829
1461,no,5,other,18,65,married,yes_rec,others,35,99.0,0.0,0.0,375,675
1462,no,0,owner,36,21,single,no_rec,fixed,45,206.0,4000.0,0.0,1500,1600
1463,no,10,owner,36,43,married,no_rec,fixed,60,200.0,6500.0,0.0,1370,1717
1464,yes,0,parents,60,22,single,no_rec,partime,35,49.0,0.0,0.0,1250,1316
1465,yes,4,other,48,41,married,yes_rec,freelance,45,140.0,0.0,0.0,1000,1250
1466,yes,7,parents,60,33,single,no_rec,partime,35,70.0,0.0,0.0,1300,1438
1467,no,5,owner,60,31,married,no_rec,fixed,35,100.0,5000.0,0.0,900,1263
1468,no,2,rent,60,24,married,no_rec,fixed,55,100.0,4000.0,0.0,1750,1900
1469,yes,1,rent,60,27,single,no_rec,fixed,43,75.0,0.0,0.0,1000,1375
1470,no,23,owner,36,45,married,no_rec,fixed,45,230.0,7500.0,0.0,1350,1520
1471,yes,0,rent,36,26,married,no_rec,partime,80,195.0,0.0,0.0,600,785
1472,no,18,owner,36,45,married,no_rec,freelance,60,112.0,4500.0,0.0,700,1360
1473,no,14,owner,60,38,married,no_rec,fixed,60,114.0,5000.0,400.0,1200,2062
1474,no,38,owner,48,56,widow,no_rec,fixed,35,112.0,3000.0,0.0,850,960
1475,yes,3,owner,60,22,single,no_rec,freelance,35,100.0,10000.0,0.0,800,990
1476,no,17,owner,36,31,married,no_rec,fixed,75,128.0,7000.0,4800.0,700,1400
1477,no,22,rent,60,40,married,no_rec,freelance,91,160.0,7000.0,0.0,1600,1700
1478,no,31,owner,48,45,married,no_rec,fixed,45,181.0,3500.0,270.0,900,1522
1479,no,7,owner,48,32,married,no_rec,fixed,75,115.0,3000.0,0.0,800,1200
1480,yes,7,other,48,22,married,no_rec,freelance,45,0.0,0.0,0.0,1100,1729
1481,no,1,rent,36,27,single,no_rec,fixed,62,270.0,0.0,0.0,600,825
1482,no,48,owner,36,62,married,no_rec,freelance,60,0.0,25000.0,0.0,180,350
1483,no,3,owner,60,30,married,no_rec,fixed,45,126.0,3500.0,2400.0,1000,1120
1484,no,14,owner,60,28,married,no_rec,fixed,60,107.0,6000.0,2500.0,950,1610
1485,no,2,owner,60,31,married,no_rec,fixed,60,121.0,4500.0,800.0,1450,1600
1486,no,6,other,36,23,single,no_rec,fixed,35,68.0,0.0,0.0,600,1271
1487,yes,2,parents,36,19,single,no_rec,partime,35,45.0,0.0,0.0,600,790
1488,yes,5,rent,60,25,married,no_rec,freelance,72,121.0,0.0,0.0,2000,2200
1489,yes,6,rent,60,31,married,yes_rec,fixed,86,113.0,0.0,0.0,1150,1736
1490,yes,20,rent,48,45,single,no_rec,freelance,35,0.0,0.0,0.0,900,1300
1491,no,8,owner,60,34,married,yes_rec,fixed,45,145.0,5000.0,0.0,1100,1110
1492,no,13,owner,60,32,divorced,no_rec,fixed,60,130.0,8000.0,5000.0,1400,1508
1493,yes,0,priv,48,46,married,no_rec,partime,75,125.0,8500.0,0.0,1575,1702
1494,yes,5,owner,60,28,married,yes_rec,freelance,75,0.0,21500.0,0.0,2000,2700
1495,no,20,parents,60,42,single,no_rec,fixed,35,80.0,0.0,0.0,800,1520
1496,no,0,owner,60,64,married,no_rec,others,35,101.0,5000.0,0.0,820,1205
1497,yes,3,rent,60,48,separated,yes_rec,fixed,47,120.0,0.0,0.0,1000,1077
1498,yes,5,rent,48,22,married,no_rec,fixed,51,156.0,0.0,0.0,1500,1564
1499,no,3,rent,48,29,married,no_rec,fixed,59,137.0,0.0,0.0,800,889
1500,yes,3,priv,36,38,divorced,yes_rec,fixed,35,0.0,12500.0,0.0,3000,4800
1501,no,1,other,24,24,married,no_rec,freelance,60,137.0,0.0,0.0,300,750
1502,no,20,owner,12,52,married,no_rec,freelance,60,208.0,8500.0,0.0,400,1202
1503,no,0,parents,60,34,married,no_rec,fixed,45,225.0,8000.0,2300.0,800,1850
1504,no,8,owner,60,41,married,no_rec,fixed,60,70.0,5000.0,0.0,900,1300
1505,no,6,owner,36,23,married,no_rec,fixed,45,117.0,3000.0,50.0,600,940
1506,yes,1,rent,24,32,single,no_rec,freelance,35,0.0,0.0,0.0,290,490
1507,no,1,other,24,20,single,no_rec,partime,45,48.0,3000.0,0.0,700,980
1508,no,21,owner,36,50,divorced,no_rec,freelance,35,0.0,80000.0,0.0,1250,1423
1509,no,2,owner,60,28,married,no_rec,freelance,35,196.0,7000.0,3950.0,1600,1678
1510,no,9,other,60,25,married,no_rec,fixed,35,75.0,0.0,0.0,700,1381
1511,no,3,owner,36,47,married,no_rec,freelance,60,106.0,10000.0,0.0,800,1649
1512,no,14,owner,48,51,married,no_rec,fixed,45,130.0,2000.0,0.0,1400,1700
1513,yes,1,rent,48,41,married,no_rec,partime,89,136.0,0.0,0.0,1070,1378
1514,no,2,rent,24,28,married,no_rec,fixed,75,150.0,0.0,0.0,512,1255
1515,no,11,owner,48,53,married,no_rec,fixed,45,111.0,5000.0,0.0,1300,1763
1516,no,13,owner,60,50,married,no_rec,fixed,45,90.0,3000.0,0.0,800,1268
1517,no,7,owner,60,36,married,no_rec,fixed,90,120.0,6000.0,1500.0,900,1175
1518,no,10,owner,6,35,married,yes_rec,freelance,75,50.0,6000.0,1500.0,500,983
1519,yes,5,other,60,42,married,no_rec,fixed,75,95.0,0.0,0.0,1000,1067
1520,no,0,owner,60,25,married,no_rec,partime,35,90.0,1500.0,500.0,900,990
1521,no,14,parents,36,30,married,no_rec,fixed,35,172.0,0.0,0.0,1100,1505
1522,no,3,owner,60,28,married,no_rec,partime,35,143.0,5500.0,3000.0,1150,1292
1523,no,22,owner,36,45,married,no_rec,fixed,75,250.0,10000.0,0.0,500,1026
1524,yes,5,owner,60,36,married,no_rec,freelance,90,62.0,3000.0,0.0,650,1295
1525,no,27,owner,48,62,married,no_rec,fixed,60,260.0,4000.0,500.0,800,886
1526,yes,9,rent,60,37,single,no_rec,fixed,47,115.0,0.0,0.0,1600,1800
1527,no,13,owner,60,38,married,no_rec,freelance,35,140.0,7500.0,0.0,350,1355
1528,no,18,owner,36,34,married,no_rec,fixed,60,130.0,6000.0,0.0,650,1601
1529,no,17,rent,60,44,married,no_rec,fixed,51,159.0,0.0,0.0,1100,1668
1530,no,8,owner,54,31,married,no_rec,fixed,75,280.0,14000.0,7000.0,850,1050
1531,no,40,owner,24,63,married,no_rec,fixed,45,250.0,55000.0,0.0,1000,1751
1532,yes,6,parents,60,22,single,yes_rec,fixed,35,100.0,0.0,0.0,1200,1496
1533,yes,4,rent,60,37,single,yes_rec,fixed,79,436.0,0.0,0.0,1500,1550
1534,no,10,owner,54,41,married,no_rec,fixed,45,130.0,4500.0,0.0,1700,1957
1535,no,10,parents,36,28,married,no_rec,freelance,45,230.0,0.0,0.0,1700,2300
1536,no,5,parents,24,27,single,no_rec,freelance,35,115.0,10000.0,0.0,325,425
1537,no,4,owner,60,34,married,no_rec,fixed,45,205.0,11000.0,3700.0,1300,2060
1538,no,5,owner,6,52,married,no_rec,fixed,35,122.0,2000.0,0.0,250,1500
1539,no,0,rent,60,25,single,no_rec,fixed,51,155.0,0.0,0.0,800,1201
1540,no,10,priv,36,47,married,yes_rec,fixed,45,60.0,5000.0,0.0,250,1343
1541,no,22,rent,60,48,married,no_rec,fixed,66,210.0,0.0,0.0,1200,1233
1542,no,15,owner,60,34,married,no_rec,fixed,75,146.0,5000.0,0.0,1400,1626
1543,no,10,parents,60,28,single,no_rec,fixed,35,70.0,3500.0,0.0,1300,1743
1544,no,1,rent,36,22,single,no_rec,fixed,59,136.0,0.0,0.0,450,2050
1545,yes,5,owner,60,44,married,no_rec,freelance,45,65.0,4000.0,0.0,1400,1847
1546,yes,2,rent,36,28,married,no_rec,partime,42,67.0,0.0,0.0,150,898
1547,yes,1,other,48,23,single,no_rec,partime,35,147.0,0.0,0.0,1000,1843
1548,no,2,rent,48,25,married,no_rec,fixed,57,117.0,0.0,0.0,800,2251
1549,no,0,owner,60,32,married,no_rec,freelance,60,0.0,5500.0,700.0,1300,1375
1550,no,14,parents,48,31,single,yes_rec,fixed,35,100.0,0.0,0.0,800,1084
1551,yes,33,rent,60,53,married,no_rec,fixed,46,106.0,0.0,0.0,850,1371
1552,yes,7,owner,36,38,married,yes_rec,fixed,45,85.0,3400.0,1500.0,450,550
1553,no,13,owner,48,27,married,no_rec,fixed,45,118.0,10000.0,7200.0,1100,1397
1554,no,1,owner,48,31,married,no_rec,fixed,75,201.0,2500.0,96.0,1100,1642
1555,yes,3,parents,60,25,married,no_rec,fixed,35,70.0,0.0,0.0,1300,1332
1556,yes,1,owner,36,29,married,no_rec,fixed,60,70.0,4500.0,0.0,850,1100
1557,no,5,priv,24,42,married,no_rec,fixed,60,86.0,800.0,0.0,250,857
1558,yes,0,parents,48,34,separated,no_rec,freelance,35,0.0,4000.0,0.0,2370,2540
1559,no,11,owner,36,46,married,no_rec,fixed,45,120.0,5000.0,0.0,1075,1631
1560,no,15,owner,12,49,married,no_rec,freelance,75,0.0,17000.0,0.0,700,1420
1561,no,13,owner,24,32,married,no_rec,fixed,75,305.0,8000.0,0.0,1400,2060
1562,no,4,parents,36,27,single,no_rec,fixed,35,70.0,0.0,0.0,700,975
1563,yes,5,parents,36,22,single,no_rec,fixed,35,88.0,0.0,0.0,750,1218
1564,no,19,owner,36,52,married,no_rec,freelance,45,150.0,15000.0,0.0,1420,2220
1565,no,0,parents,24,26,single,no_rec,partime,35,69.0,0.0,0.0,107,125
1566,no,1,rent,6,38,married,no_rec,partime,72,118.0,0.0,0.0,125,375
1567,no,4,rent,36,38,married,no_rec,fixed,55,98.0,0.0,0.0,350,850
1568,no,0,parents,12,24,single,no_rec,freelance,35,85.0,0.0,0.0,240,240
1569,yes,3,rent,60,44,separated,yes_rec,fixed,60,150.0,0.0,0.0,1650,1772
1570,no,1,owner,60,27,married,no_rec,fixed,60,93.0,4000.0,0.0,1000,1207
1571,no,2,rent,48,37,separated,no_rec,fixed,50,148.0,0.0,0.0,700,1805
1572,no,14,owner,60,31,married,no_rec,fixed,60,110.0,5500.0,2500.0,1000,1314
1573,no,12,owner,60,34,married,yes_rec,fixed,75,125.0,5500.0,4000.0,950,1462
1574,yes,0,rent,60,21,married,no_rec,freelance,35,0.0,16000.0,0.0,1000,1000
1575,no,3,rent,48,29,married,no_rec,fixed,85,100.0,0.0,0.0,1000,1191
1576,no,4,owner,60,30,married,no_rec,partime,45,150.0,4000.0,2800.0,1400,1763
1577,yes,0,other,48,24,married,no_rec,fixed,60,105.0,0.0,0.0,1200,1516
1578,yes,18,owner,48,32,married,no_rec,fixed,75,71.0,4000.0,39.0,660,1461
1579,no,16,owner,60,32,married,no_rec,fixed,45,110.0,6000.0,2000.0,1400,1830
1580,no,3,owner,18,24,married,no_rec,partime,45,185.0,3500.0,0.0,600,925
1581,no,0,owner,60,47,married,yes_rec,fixed,90,500.0,20000.0,0.0,1800,2000
1582,no,2,rent,36,19,single,no_rec,fixed,48,128.0,0.0,0.0,1400,1650
1583,no,6,owner,36,23,married,no_rec,fixed,45,125.0,3500.0,1500.0,650,1158
1584,yes,0,rent,48,52,single,yes_rec,fixed,49,135.0,0.0,0.0,1000,1200
1585,yes,3,rent,48,43,married,no_rec,partime,73,126.0,0.0,0.0,1300,1770
1586,no,3,owner,48,42,married,no_rec,fixed,45,150.0,20000.0,3000.0,1500,2163
1587,no,1,owner,60,25,married,no_rec,partime,60,330.0,9000.0,3500.0,1300,2500
1588,yes,9,owner,36,43,married,yes_rec,freelance,75,0.0,12000.0,0.0,1700,1730
1589,no,20,owner,60,38,married,no_rec,freelance,60,0.0,15000.0,0.0,1000,1638
1590,no,9,rent,36,31,married,yes_rec,freelance,84,241.0,10000.0,0.0,3800,5852
1591,no,10,owner,48,42,married,no_rec,freelance,75,210.0,4000.0,120.0,1200,1617
1592,no,13,parents,48,28,married,no_rec,fixed,90,105.0,0.0,0.0,1200,1590
1593,no,4,owner,36,45,married,yes_rec,fixed,60,98.0,2500.0,0.0,450,575
1594,no,13,owner,60,42,married,no_rec,fixed,60,107.0,4000.0,0.0,1000,1359
1595,no,2,owner,36,28,married,no_rec,fixed,45,80.0,2000.0,0.0,550,1572
1596,no,16,rent,60,36,single,yes_rec,fixed,47,120.0,5500.0,1700.0,1650,1852
1597,no,3,parents,36,52,married,yes_rec,fixed,60,325.0,0.0,0.0,400,1700
1598,no,1,parents,48,22,single,no_rec,fixed,35,210.0,0.0,0.0,1575,2082
1599,no,20,owner,36,46,married,yes_rec,freelance,105,80.0,9000.0,0.0,850,886
1600,no,7,owner,36,34,married,no_rec,fixed,60,190.0,5000.0,0.0,600,848
1601,no,1,rent,60,26,married,no_rec,partime,61,155.0,0.0,0.0,1035,1709
1602,no,6,rent,36,38,married,no_rec,freelance,95,500.0,25000.0,21400.0,800,1011
1603,no,4,owner,24,49,married,no_rec,fixed,45,132.0,15000.0,0.0,850,1338
1604,no,25,owner,60,50,married,no_rec,fixed,75,85.0,8000.0,0.0,1500,2075
1605,yes,1,owner,60,40,married,no_rec,freelance,35,349.0,6000.0,4000.0,1300,1511
1606,no,8,rent,48,26,single,no_rec,fixed,42,74.0,0.0,0.0,600,1290
1607,no,2,owner,60,24,married,no_rec,partime,45,67.0,4100.0,2800.0,1400,1403
1608,no,3,rent,60,44,married,no_rec,freelance,74,140.0,2000.0,0.0,800,992
1609,no,9,rent,48,23,married,no_rec,fixed,65,197.0,0.0,0.0,400,2305
1610,no,14,ignore,60,34,married,no_rec,fixed,75,85.0,8000.0,0.0,1400,1589
1611,no,2,parents,48,24,single,no_rec,fixed,35,64.0,0.0,0.0,1500,1734
1612,no,0,rent,60,30,married,no_rec,fixed,70,100.0,2000.0,0.0,1150,1265
1613,no,19,owner,60,35,married,no_rec,fixed,45,163.0,8000.0,340.0,1100,1269
1614,no,20,parents,36,50,married,no_rec,freelance,45,113.0,20000.0,0.0,700,1224
1615,no,8,parents,48,26,single,no_rec,fixed,35,78.0,0.0,0.0,500,1800
1616,no,40,owner,36,58,married,no_rec,freelance,75,0.0,50000.0,0.0,1000,1160
1617,no,8,owner,12,32,married,yes_rec,fixed,45,211.0,4500.0,0.0,800,2014
1618,yes,11,owner,48,34,married,yes_rec,fixed,90,198.0,4500.0,0.0,1650,2165
1619,yes,20,owner,60,51,married,no_rec,freelance,90,300.0,12500.0,2500.0,1340,1740
1620,no,10,owner,48,31,married,no_rec,fixed,60,180.0,7500.0,1200.0,1000,1480
1621,no,4,parents,24,33,single,no_rec,fixed,35,125.0,0.0,0.0,750,1139
1622,yes,15,owner,60,58,married,yes_rec,fixed,60,117.0,6000.0,0.0,1500,1670
1623,no,2,rent,36,31,single,no_rec,others,35,0.0,0.0,0.0,525,800
1624,no,1,parents,60,30,single,no_rec,fixed,35,113.0,0.0,0.0,930,955
1625,yes,0,rent,48,39,married,no_rec,freelance,45,0.0,0.0,0.0,700,987
1626,yes,1,parents,48,22,single,no_rec,freelance,35,0.0,10000.0,0.0,650,722
1627,no,15,owner,36,47,married,no_rec,fixed,75,289.0,3500.0,0.0,1500,2154
1628,no,0,parents,48,31,single,no_rec,partime,35,65.0,2500.0,0.0,1000,1560
1629,no,8,parents,24,23,single,no_rec,partime,45,110.0,0.0,0.0,900,931
1630,no,22,owner,48,44,single,no_rec,fixed,35,122.0,5000.0,0.0,900,1500
1631,no,19,owner,48,37,married,no_rec,fixed,60,158.0,7000.0,3000.0,1000,1156
1632,no,13,owner,60,28,married,no_rec,fixed,60,130.0,5000.0,1500.0,900,1281
1633,no,26,owner,48,42,married,no_rec,fixed,60,95.0,6500.0,0.0,1180,1442
1634,no,4,owner,60,29,married,no_rec,partime,60,155.0,5000.0,2500.0,900,1110
1635,yes,4,rent,60,38,married,yes_rec,fixed,118,130.0,0.0,0.0,900,1086
1636,yes,3,rent,60,31,married,yes_rec,partime,58,130.0,0.0,0.0,1500,1537
1637,no,1,other,36,46,married,no_rec,freelance,60,0.0,0.0,0.0,660,1212
1638,no,5,rent,30,58,married,no_rec,fixed,80,200.0,15000.0,0.0,520,690
1639,no,6,owner,36,39,married,yes_rec,freelance,45,170.0,14000.0,1200.0,1100,1900
1640,no,1,owner,48,45,married,no_rec,freelance,90,250.0,4000.0,0.0,1700,1800
1641,yes,1,rent,36,47,married,yes_rec,freelance,105,0.0,0.0,0.0,500,500
1642,yes,2,owner,48,34,married,no_rec,freelance,90,250.0,16000.0,2000.0,1500,1768
1643,no,1,rent,36,46,married,no_rec,fixed,57,119.0,0.0,0.0,600,800
1644,no,8,owner,36,35,married,yes_rec,fixed,45,213.0,6000.0,0.0,1700,2450
1645,no,5,owner,48,65,married,no_rec,freelance,75,80.0,30000.0,2000.0,700,1698
1646,no,3,owner,60,38,married,no_rec,fixed,75,125.0,9000.0,0.0,1250,1415
1647,yes,0,other,60,32,married,no_rec,fixed,75,160.0,0.0,0.0,1300,1350
1648,yes,3,rent,24,22,single,no_rec,freelance,50,148.0,0.0,0.0,700,950
1649,yes,1,rent,36,25,married,no_rec,partime,67,67.0,0.0,0.0,775,850
1650,no,0,owner,60,29,married,no_rec,partime,75,70.0,4500.0,0.0,1150,1683
1651,no,9,owner,60,48,married,yes_rec,fixed,60,83.0,2500.0,0.0,1100,1212
1652,no,12,owner,36,45,married,no_rec,fixed,90,90.0,30000.0,0.0,750,1374
1653,no,15,rent,60,41,married,no_rec,fixed,74,137.0,0.0,0.0,1000,1450
1654,no,29,rent,60,57,married,no_rec,fixed,80,203.0,0.0,0.0,1100,1297
1655,no,8,other,60,28,married,no_rec,fixed,45,200.0,0.0,0.0,700,1529
1656,yes,7,rent,60,38,separated,yes_rec,fixed,42,70.0,0.0,0.0,921,921
1657,no,5,owner,60,26,married,no_rec,fixed,35,56.0,6000.0,0.0,1100,1151
1658,yes,2,owner,60,31,single,no_rec,fixed,35,55.0,7500.0,0.0,800,1351
1659,no,2,other,30,21,single,no_rec,fixed,35,53.0,5000.0,0.0,1000,1525
1660,yes,0,parents,36,26,single,no_rec,partime,35,70.0,3500.0,350.0,375,500
1661,no,17,rent,24,49,married,no_rec,freelance,80,53.0,0.0,0.0,600,1104
1662,yes,6,parents,36,28,married,no_rec,fixed,75,83.0,7000.0,0.0,675,775
1663,yes,2,parents,48,20,single,no_rec,fixed,35,136.0,0.0,0.0,900,1022
1664,no,16,owner,48,48,married,no_rec,freelance,35,364.0,5000.0,0.0,900,1077
1665,no,19,rent,60,42,single,no_rec,fixed,43,78.0,0.0,0.0,730,1070
1666,yes,15,owner,36,56,married,yes_rec,freelance,35,90.0,16000.0,0.0,800,1300
1667,no,8,rent,60,52,married,no_rec,fixed,89,137.0,4000.0,0.0,800,1086
1668,no,2,parents,48,32,married,no_rec,fixed,60,167.0,2000.0,0.0,1450,1698
1669,no,3,parents,60,39,married,no_rec,fixed,45,77.0,0.0,0.0,1000,1094
1670,no,10,parents,60,30,married,no_rec,fixed,60,195.0,800.0,0.0,1800,2400
1671,no,22,parents,36,38,married,no_rec,fixed,75,110.0,2000.0,0.0,780,1785
1672,no,10,owner,60,32,married,no_rec,fixed,45,419.0,5500.0,2500.0,1300,1995
1673,no,14,owner,48,43,married,no_rec,fixed,45,200.0,9000.0,0.0,600,1025
1674,no,19,other,60,34,married,no_rec,fixed,75,154.0,4500.0,0.0,1600,1778
1675,no,2,parents,60,24,single,no_rec,fixed,35,101.0,0.0,0.0,1600,1600
1676,yes,0,owner,42,41,married,no_rec,freelance,60,0.0,4000.0,0.0,2000,2516
1677,no,4,owner,60,32,married,yes_rec,fixed,75,183.0,8000.0,0.0,1170,1398
1678,yes,1,parents,60,29,married,yes_rec,partime,35,102.0,0.0,0.0,1100,1120
1679,yes,4,other,60,25,single,no_rec,partime,35,92.0,0.0,0.0,1400,1661
1680,no,12,owner,24,56,married,yes_rec,fixed,60,124.0,1000.0,0.0,500,1495
1681,yes,0,other,60,46,single,no_rec,fixed,35,150.0,0.0,0.0,1400,1490
1682,no,3,owner,36,41,married,no_rec,freelance,75,200.0,3000.0,0.0,1000,1000
1683,no,16,owner,60,32,married,no_rec,fixed,60,117.0,1100.0,80.0,1400,1833
1684,no,24,owner,60,52,married,no_rec,fixed,45,80.0,4000.0,0.0,1200,1257
1685,yes,1,rent,60,36,married,yes_rec,fixed,85,99.0,0.0,0.0,1200,1275
1686,no,0,owner,60,30,married,no_rec,fixed,45,180.0,5000.0,0.0,1600,1924
1687,no,9,rent,60,40,single,no_rec,fixed,44,91.0,0.0,0.0,1000,1132
1688,yes,20,rent,60,47,married,no_rec,fixed,85,100.0,8000.0,0.0,1250,1250
1689,yes,1,owner,60,40,married,no_rec,fixed,45,0.0,3000.0,180.0,1700,1777
1690,no,0,owner,24,52,married,no_rec,others,45,170.0,6500.0,0.0,500,600
1691,no,17,owner,48,46,married,no_rec,fixed,35,128.0,4000.0,0.0,1400,1718
1692,no,17,parents,60,32,married,no_rec,fixed,75,200.0,6000.0,0.0,1300,1682
1693,no,2,parents,48,22,single,no_rec,fixed,35,185.0,0.0,0.0,1000,2130
1694,no,30,rent,36,59,married,no_rec,freelance,50,52.0,25000.0,0.0,1000,1298
1695,no,15,owner,36,43,married,yes_rec,fixed,60,105.0,5000.0,0.0,400,1631
1696,no,1,rent,36,27,married,no_rec,fixed,55,100.0,0.0,0.0,1000,1300
1697,yes,0,parents,48,26,single,yes_rec,freelance,35,101.0,0.0,0.0,1500,1703
1698,no,10,owner,48,37,widow,no_rec,others,45,110.0,3000.0,0.0,500,1190
1699,yes,6,owner,48,39,married,no_rec,freelance,75,0.0,6000.0,0.0,1000,1177
1700,no,6,owner,60,53,married,no_rec,freelance,45,50.0,16000.0,0.0,1000,1505
1701,yes,1,parents,60,35,single,no_rec,fixed,35,75.0,0.0,0.0,1340,1350
1702,yes,4,owner,6,42,married,no_rec,fixed,45,275.0,4800.0,1200.0,2400,3400
1703,no,20,parents,24,40,single,no_rec,fixed,35,90.0,0.0,0.0,600,1105
1704,yes,3,owner,36,40,married,yes_rec,freelance,60,0.0,4500.0,0.0,575,775
1705,yes,8,other,36,39,married,no_rec,fixed,35,0.0,0.0,0.0,450,550
1706,no,5,owner,36,52,married,no_rec,fixed,35,220.0,12000.0,5000.0,1250,1542
1707,yes,20,other,60,57,married,no_rec,others,60,215.0,11000.0,0.0,1600,1842
1708,no,10,owner,24,34,married,no_rec,freelance,45,225.0,25000.0,0.0,1300,2063
1709,yes,5,rent,54,27,married,no_rec,fixed,47,118.0,0.0,0.0,1500,1600
1710,yes,0,parents,48,41,married,no_rec,partime,90,80.0,0.0,0.0,1200,1468
1711,no,6,owner,48,55,married,no_rec,freelance,45,72.0,16000.0,0.0,1760,2212
1712,no,0,owner,48,38,married,no_rec,fixed,75,217.0,3500.0,0.0,1400,1689
1713,yes,0,owner,60,38,married,no_rec,fixed,45,87.0,10000.0,4500.0,900,1000
1714,no,1,owner,18,38,married,no_rec,others,35,0.0,4000.0,0.0,480,1059
1715,no,2,owner,60,37,married,no_rec,fixed,90,137.0,3000.0,1.0,1100,1563
1716,no,0,rent,60,57,married,no_rec,others,43,80.0,0.0,0.0,1200,1515
1717,no,12,owner,36,49,married,no_rec,freelance,35,78.0,12000.0,2000.0,1000,1200
1718,no,6,rent,60,26,married,no_rec,fixed,60,150.0,0.0,0.0,1200,1376
1719,yes,5,parents,36,26,single,no_rec,freelance,35,0.0,5000.0,3000.0,1200,2140
1720,yes,1,rent,36,40,separated,no_rec,others,79,38.0,0.0,0.0,400,400
1721,no,7,owner,36,23,married,no_rec,fixed,35,247.0,5000.0,400.0,1500,1785
1722,yes,7,rent,36,25,married,no_rec,fixed,69,93.0,0.0,0.0,250,400
1723,no,6,owner,48,28,married,no_rec,fixed,45,114.0,3500.0,0.0,650,1255
1724,no,15,rent,48,45,married,no_rec,fixed,88,130.0,3000.0,0.0,1300,1591
1725,no,0,owner,60,31,married,no_rec,fixed,60,105.0,3500.0,0.0,1100,1170
1726,yes,2,owner,48,43,married,no_rec,partime,60,95.0,4000.0,1300.0,700,975
1727,no,9,owner,12,26,single,no_rec,fixed,35,91.0,4000.0,0.0,1000,1776
1728,no,8,owner,48,34,married,no_rec,freelance,45,0.0,8000.0,3600.0,600,1699
1729,yes,5,rent,60,36,married,yes_rec,fixed,66,61.0,0.0,0.0,1100,1243
1730,no,6,owner,36,47,married,no_rec,freelance,60,35.0,10000.0,0.0,1200,1974
1731,no,23,rent,48,57,single,yes_rec,fixed,49,142.0,0.0,0.0,1300,1450
1732,no,5,rent,36,37,married,no_rec,fixed,74,138.0,0.0,0.0,900,1358
1733,yes,7,parents,48,32,married,yes_rec,fixed,45,161.0,0.0,0.0,970,1564
1734,yes,0,rent,60,25,single,yes_rec,partime,47,120.0,0.0,0.0,1200,1460
1735,no,5,parents,48,28,married,no_rec,fixed,45,120.0,0.0,0.0,1100,1537
1736,yes,1,parents,60,36,married,no_rec,partime,60,60.0,0.0,0.0,1400,1612
1737,no,2,owner,36,23,single,no_rec,freelance,45,135.0,10000.0,0.0,1250,1400
1738,no,19,priv,36,37,married,no_rec,fixed,75,170.0,3500.0,260.0,600,940
1739,yes,30,owner,60,61,married,yes_rec,freelance,35,0.0,60000.0,0.0,950,1015
1740,no,1,owner,36,25,widow,no_rec,fixed,45,60.0,2000.0,0.0,525,800
1741,no,10,rent,18,34,divorced,no_rec,fixed,54,189.0,0.0,0.0,800,2215
1742,no,20,owner,48,37,separated,no_rec,fixed,35,165.0,8000.0,1000.0,1300,2500
1743,no,8,rent,48,26,married,no_rec,freelance,82,219.0,0.0,0.0,1400,1635
1744,no,3,other,48,32,single,yes_rec,fixed,35,71.0,0.0,0.0,1000,1200
1745,no,0,parents,48,28,single,no_rec,freelance,35,100.0,0.0,0.0,900,1400
1746,no,2,parents,60,27,single,no_rec,fixed,35,71.0,3500.0,0.0,600,960
1747,no,20,owner,60,41,married,no_rec,fixed,75,186.0,8000.0,50.0,900,1700
1748,no,9,rent,48,56,married,no_rec,freelance,140,350.0,0.0,0.0,1400,1571
1749,no,11,owner,60,26,married,no_rec,fixed,45,81.0,4000.0,1800.0,1000,1206
1750,no,8,owner,48,52,married,no_rec,fixed,60,105.0,3500.0,0.0,1000,1887
1751,no,24,owner,24,47,married,no_rec,fixed,75,136.0,4000.0,0.0,435,935
1752,no,14,owner,60,28,married,no_rec,fixed,45,178.0,4000.0,700.0,600,700
1753,yes,1,rent,48,29,married,yes_rec,freelance,85,100.0,0.0,0.0,1000,1345
1754,no,0,owner,60,31,widow,no_rec,freelance,35,200.0,4000.0,0.0,943,1018
1755,no,0,parents,24,24,single,no_rec,partime,35,117.0,4000.0,0.0,1000,1489
1756,no,30,owner,36,56,married,yes_rec,freelance,105,300.0,30000.0,1300.0,1100,1318
1757,no,8,other,30,40,married,no_rec,fixed,45,148.0,0.0,0.0,850,1370
1758,yes,6,rent,60,28,married,no_rec,fixed,54,90.0,0.0,0.0,1700,1700
1759,no,0,other,36,46,married,yes_rec,others,45,45.0,0.0,0.0,900,1100
1760,no,2,rent,60,34,married,no_rec,fixed,91,160.0,0.0,0.0,1100,1378
1761,no,6,rent,24,28,married,no_rec,fixed,62,166.0,0.0,0.0,500,1150
1762,no,20,parents,36,39,married,no_rec,freelance,60,346.0,35000.0,0.0,1900,2440
1763,no,6,owner,36,34,married,yes_rec,fixed,60,148.0,9000.0,4090.0,500,1600
1764,no,18,rent,48,53,married,no_rec,fixed,54,92.0,0.0,0.0,1340,1345
1765,yes,6,parents,60,38,married,no_rec,freelance,105,0.0,0.0,0.0,480,1481
1766,no,1,parents,60,21,single,no_rec,freelance,35,100.0,0.0,0.0,900,1290
1767,yes,1,parents,60,22,married,yes_rec,partime,45,183.0,0.0,0.0,1600,1739
1768,no,9,rent,48,23,married,no_rec,fixed,47,118.0,0.0,0.0,1500,1643
1769,no,9,owner,36,29,single,no_rec,fixed,35,147.0,3500.0,0.0,1886,2886
1770,no,22,owner,48,45,married,no_rec,fixed,45,208.0,11500.0,0.0,1000,1698
1771,no,2,owner,24,43,married,no_rec,fixed,60,95.0,3000.0,0.0,300,350
1772,yes,2,rent,36,29,single,yes_rec,freelance,35,0.0,0.0,0.0,1000,1600
1773,no,5,parents,48,23,single,no_rec,fixed,35,82.0,0.0,0.0,1550,1630
1774,no,0,parents,36,37,married,yes_rec,fixed,45,230.0,7000.0,0.0,2800,4200
1775,no,13,rent,60,54,married,no_rec,fixed,57,120.0,0.0,0.0,1000,1257
1776,no,18,owner,60,38,married,no_rec,fixed,75,138.0,6000.0,0.0,1000,2018
1777,no,1,rent,36,43,married,no_rec,fixed,92,173.0,0.0,0.0,550,590
1778,no,5,owner,12,60,married,no_rec,fixed,60,125.0,5000.0,0.0,400,1361
1779,no,2,owner,48,40,married,no_rec,freelance,60,160.0,3000.0,800.0,1300,1521
1780,no,1,owner,48,33,married,no_rec,fixed,45,104.0,6500.0,0.0,1150,1348
1781,yes,10,owner,48,50,separated,no_rec,freelance,35,0.0,80000.0,0.0,1800,2038
1782,no,8,rent,48,24,single,no_rec,fixed,49,135.0,0.0,0.0,1000,1274
1783,no,0,parents,36,27,married,no_rec,freelance,60,0.0,0.0,0.0,600,900
1784,no,2,rent,36,32,married,no_rec,fixed,63,175.0,0.0,0.0,1000,1230
1785,yes,0,priv,60,34,married,no_rec,partime,35,107.0,3000.0,2500.0,1000,1189
1786,no,14,parents,48,37,married,yes_rec,fixed,60,120.0,0.0,0.0,1000,1189
1787,yes,2,parents,36,30,single,no_rec,freelance,35,0.0,15000.0,0.0,2000,2600
1788,no,3,owner,48,19,single,no_rec,fixed,35,180.0,4000.0,0.0,800,1128
1789,no,0,owner,24,63,widow,no_rec,others,35,92.0,40000.0,0.0,1150,2244
1790,no,21,rent,36,42,married,no_rec,fixed,74,135.0,450.0,0.0,240,1275
1791,no,20,owner,36,48,married,no_rec,fixed,75,303.0,8000.0,0.0,1000,1831
1792,yes,2,rent,48,56,single,no_rec,freelance,51,157.0,11000.0,4500.0,1000,2008
1793,no,21,rent,60,36,married,no_rec,fixed,83,80.0,0.0,0.0,1220,1505
1794,yes,1,rent,60,52,separated,yes_rec,fixed,68,327.0,0.0,0.0,700,819
1795,no,3,owner,24,51,married,no_rec,fixed,45,223.0,20000.0,0.0,1400,1581
1796,no,4,owner,60,37,married,no_rec,fixed,60,185.0,3000.0,0.0,1200,1564
1797,yes,0,rent,36,41,married,no_rec,freelance,35,0.0,0.0,0.0,800,1250
1798,yes,3,parents,60,29,single,no_rec,freelance,35,0.0,0.0,0.0,1500,2500
1799,no,0,owner,48,61,widow,no_rec,others,35,35.0,4000.0,200.0,650,962
1800,no,1,rent,60,24,married,no_rec,fixed,77,165.0,0.0,0.0,1500,1736
1801,no,5,parents,60,24,single,no_rec,fixed,35,120.0,0.0,0.0,900,1249
1802,no,2,other,60,41,separated,no_rec,freelance,35,100.0,5000.0,0.0,1200,1450
1803,no,14,owner,18,29,married,no_rec,fixed,35,165.0,6000.0,2500.0,600,1370
1804,no,2,owner,60,43,married,yes_rec,fixed,45,63.0,3000.0,0.0,1100,1683
1805,no,2,owner,36,30,married,no_rec,freelance,35,0.0,4000.0,0.0,1100,1850
1806,no,10,owner,60,37,married,yes_rec,fixed,90,118.0,4500.0,0.0,1200,1296
1807,no,19,parents,12,41,married,no_rec,freelance,90,190.0,500.0,0.0,500,1600
1808,no,2,other,60,23,single,no_rec,fixed,45,175.0,7500.0,0.0,1500,1525
1809,no,40,rent,18,62,married,no_rec,freelance,77,166.0,10000.0,0.0,900,2040
1810,no,2,parents,60,25,single,no_rec,freelance,45,130.0,8500.0,0.0,1100,1380
1811,yes,0,owner,36,35,married,yes_rec,fixed,75,120.0,4000.0,0.0,900,975
1812,no,23,parents,60,37,single,no_rec,freelance,35,0.0,4500.0,0.0,1950,2336
1813,no,5,rent,48,25,married,no_rec,fixed,55,100.0,0.0,0.0,549,549
1814,yes,3,owner,36,43,married,no_rec,freelance,45,0.0,3500.0,0.0,600,800
1815,no,12,owner,36,54,married,no_rec,fixed,60,130.0,4000.0,0.0,700,2100
1816,no,0,owner,48,24,married,no_rec,partime,45,95.0,5000.0,0.0,1000,1601
1817,no,13,rent,60,53,separated,no_rec,fixed,57,222.0,4600.0,0.0,1000,2300
1818,no,14,rent,60,46,married,no_rec,freelance,67,67.0,0.0,0.0,1500,2250
1819,no,3,owner,24,41,married,no_rec,freelance,60,0.0,11000.0,0.0,800,1173
1820,no,10,owner,60,40,married,yes_rec,fixed,60,233.0,15000.0,2640.0,1400,2038
1821,yes,2,rent,48,36,divorced,no_rec,fixed,45,99.0,0.0,0.0,750,1350
1822,no,5,parents,36,27,single,no_rec,fixed,35,200.0,4000.0,0.0,600,1098
1823,no,0,owner,60,29,married,no_rec,fixed,60,100.0,5000.0,0.0,800,960
1824,no,0,rent,24,23,single,no_rec,fixed,42,70.0,0.0,0.0,125,125
1825,no,12,owner,60,27,married,yes_rec,fixed,35,100.0,3000.0,0.0,1300,1359
1826,no,0,owner,24,38,married,no_rec,fixed,75,87.0,3000.0,0.0,500,1214
1827,no,20,owner,18,47,married,yes_rec,freelance,60,0.0,110000.0,0.0,1800,3300
1828,yes,0,rent,36,33,married,yes_rec,partime,76,155.0,0.0,0.0,440,440
1829,no,5,owner,60,54,married,no_rec,freelance,60,92.0,6000.0,1700.0,1700,1714
1830,no,14,rent,48,28,married,no_rec,fixed,60,146.0,0.0,0.0,1450,1474
1831,yes,5,rent,60,40,married,yes_rec,freelance,54,89.0,0.0,0.0,1200,1457
1832,no,17,owner,6,42,married,no_rec,fixed,90,111.0,10000.0,0.0,1000,2626
1833,yes,2,priv,60,53,married,no_rec,fixed,75,85.0,7000.0,0.0,1050,1172
1834,yes,3,parents,36,21,single,no_rec,fixed,35,85.0,0.0,0.0,105,105
1835,no,15,owner,60,33,married,no_rec,fixed,45,90.0,3000.0,0.0,1200,1323
1836,no,3,parents,36,28,single,no_rec,fixed,35,74.0,0.0,0.0,350,550
1837,no,15,owner,60,49,married,no_rec,fixed,60,162.0,5000.0,0.0,1700,2081
1838,no,13,parents,36,38,separated,no_rec,fixed,45,128.0,0.0,0.0,525,625
1839,yes,4,rent,36,34,married,no_rec,fixed,73,126.0,0.0,0.0,1000,1250
1840,no,2,parents,60,24,single,no_rec,fixed,35,164.0,0.0,0.0,900,1516
1841,yes,0,rent,60,36,married,yes_rec,fixed,85,100.0,0.0,0.0,1100,1256
1842,no,6,ignore,24,37,married,no_rec,fixed,75,466.0,10000.0,800.0,1678,1678
1843,yes,1,rent,36,26,single,no_rec,partime,42,70.0,0.0,0.0,590,590
1844,no,10,owner,48,37,divorced,no_rec,fixed,35,87.0,3500.0,450.0,500,1155
1845,no,45,owner,12,60,married,no_rec,freelance,35,52.0,19000.0,0.0,550,1240
1846,no,13,parents,36,27,single,no_rec,fixed,35,105.0,0.0,0.0,500,800
1847,no,2,parents,24,23,single,no_rec,freelance,35,63.0,20000.0,0.0,600,2143
1848,yes,10,rent,48,34,married,no_rec,fixed,83,79.0,0.0,0.0,1200,1215
1849,no,31,owner,24,58,married,no_rec,fixed,35,160.0,3000.0,0.0,700,700
1850,yes,2,owner,60,36,married,yes_rec,freelance,60,140.0,29000.0,0.0,3900,4812
1851,yes,10,owner,60,26,married,no_rec,fixed,60,63.0,5000.0,3000.0,1400,1432
1852,no,15,owner,60,39,separated,no_rec,freelance,45,54.0,7000.0,0.0,1500,2230
1853,yes,0,rent,48,20,single,yes_rec,partime,56,105.0,0.0,0.0,1100,1289
1854,no,17,owner,24,36,married,no_rec,fixed,45,115.0,300.0,0.0,600,1642
1855,yes,3,owner,60,39,married,no_rec,freelance,75,491.0,90000.0,0.0,4000,6700
1856,no,2,other,36,26,married,no_rec,fixed,35,148.0,4000.0,0.0,700,1300
1857,no,16,owner,60,42,married,no_rec,fixed,75,100.0,2000.0,0.0,1050,1490
1858,no,3,owner,24,27,married,no_rec,fixed,45,245.0,14000.0,0.0,500,2070
1859,yes,0,rent,48,37,married,yes_rec,partime,120,300.0,8000.0,2000.0,1500,2977
1860,no,10,other,36,32,single,no_rec,fixed,35,139.0,0.0,0.0,1100,2471
1861,no,0,parents,36,24,single,no_rec,freelance,35,59.0,0.0,0.0,500,1400
1862,yes,3,owner,60,45,married,no_rec,freelance,60,0.0,5000.0,0.0,1370,1403
1863,no,10,owner,24,39,married,no_rec,fixed,75,150.0,3000.0,0.0,500,1108
1864,no,3,owner,60,32,married,no_rec,fixed,35,125.0,9000.0,2300.0,1350,1550
1865,yes,3,rent,48,25,married,yes_rec,freelance,35,0.0,0.0,0.0,1300,1361
1866,no,11,rent,12,33,married,no_rec,fixed,78,180.0,0.0,0.0,300,1479
1867,yes,13,priv,60,30,married,yes_rec,fixed,75,85.0,3500.0,0.0,1100,1417
1868,yes,14,owner,36,37,married,yes_rec,fixed,75,120.0,13000.0,3500.0,1250,1350
1869,no,3,owner,48,25,married,no_rec,freelance,35,107.0,4500.0,1900.0,1000,1250
1870,no,20,owner,36,48,married,no_rec,fixed,45,257.0,3000.0,0.0,900,1193
1871,yes,0,rent,36,34,separated,no_rec,fixed,49,140.0,0.0,0.0,1150,1600
1872,no,14,priv,24,54,married,no_rec,fixed,45,100.0,9000.0,0.0,650,1150
1873,no,15,owner,24,64,married,yes_rec,freelance,75,500.0,29500.0,3500.0,800,1081
1874,no,2,parents,60,26,single,no_rec,freelance,35,8.0,0.0,0.0,900,984
1875,no,7,priv,48,27,married,no_rec,fixed,60,71.0,800.0,0.0,800,1505
1876,no,22,rent,48,42,married,yes_rec,fixed,102,121.0,0.0,0.0,1000,1250
1877,no,13,owner,60,34,married,no_rec,fixed,45,186.0,3000.0,0.0,1900,2600
1878,yes,1,owner,60,24,married,no_rec,fixed,45,199.0,6500.0,3000.0,1400,1702
1879,no,8,parents,36,26,single,no_rec,fixed,35,65.0,0.0,0.0,500,1715
1880,no,7,owner,60,55,married,no_rec,fixed,45,89.0,5000.0,0.0,1250,1455
1881,no,10,owner,36,39,married,no_rec,fixed,90,122.0,3000.0,0.0,500,1472
1882,no,4,owner,48,42,married,no_rec,fixed,35,111.0,3500.0,0.0,1000,1683
1883,yes,1,rent,48,31,married,no_rec,fixed,87,115.0,0.0,0.0,1100,1672
1884,no,8,priv,60,49,married,no_rec,fixed,45,120.0,3000.0,0.0,900,985
1885,no,9,rent,36,39,married,no_rec,freelance,54,90.0,0.0,0.0,600,875
1886,no,11,owner,60,27,married,no_rec,fixed,45,190.0,3000.0,0.0,1200,1537
1887,no,7,owner,48,42,married,no_rec,fixed,60,132.0,8000.0,720.0,1000,1350
1888,no,15,owner,48,37,married,yes_rec,freelance,45,178.0,30000.0,9500.0,2400,3120
1889,no,0,parents,24,20,single,no_rec,fixed,35,155.0,7000.0,0.0,1450,1688
1890,no,2,owner,48,44,married,yes_rec,fixed,60,310.0,20000.0,600.0,1700,2700
1891,no,14,owner,60,28,married,yes_rec,fixed,35,198.0,7000.0,900.0,1000,1850
1892,no,8,owner,12,49,married,no_rec,freelance,60,142.0,6000.0,0.0,200,1048
1893,yes,10,owner,48,63,married,yes_rec,freelance,35,0.0,3000.0,0.0,4000,4769
1894,no,3,owner,24,29,married,no_rec,fixed,60,225.0,9000.0,0.0,600,980
1895,no,8,priv,60,30,married,no_rec,fixed,75,100.0,2000.0,192.0,1400,1460
1896,no,0,owner,60,32,single,no_rec,partime,35,94.0,7500.0,0.0,1350,1583
1897,yes,3,parents,60,25,single,no_rec,partime,35,225.0,0.0,0.0,1130,1130
1898,no,15,owner,60,38,married,no_rec,fixed,60,90.0,6000.0,480.0,1100,1289
1899,no,15,owner,24,53,married,yes_rec,freelance,60,245.0,30000.0,0.0,2400,4400
1900,yes,0,rent,60,34,married,no_rec,freelance,75,0.0,4000.0,1000.0,1275,1325
1901,yes,16,rent,48,37,married,yes_rec,fixed,68,234.0,0.0,0.0,1000,1606
1902,yes,7,other,36,38,married,yes_rec,freelance,35,59.0,0.0,0.0,1000,2246
1903,no,12,owner,60,54,married,yes_rec,fixed,75,231.0,15000.0,0.0,1950,2500
1904,no,8,parents,36,26,single,no_rec,freelance,35,0.0,9000.0,2500.0,450,680
1905,no,10,owner,18,34,married,no_rec,freelance,75,181.0,4000.0,0.0,600,1000
1906,yes,14,rent,60,46,married,no_rec,freelance,48,25.0,0.0,0.0,1700,2210
1907,yes,1,parents,60,26,single,no_rec,partime,35,0.0,0.0,0.0,2400,2599
1908,no,1,other,60,27,single,no_rec,fixed,35,125.0,4000.0,1200.0,1500,1558
1909,yes,12,owner,60,39,married,no_rec,fixed,90,95.0,4000.0,250.0,1450,1686
1910,yes,0,rent,60,38,married,no_rec,freelance,35,0.0,0.0,0.0,1300,1636
1911,no,3,rent,48,33,married,no_rec,fixed,66,63.0,2000.0,0.0,800,1298
1912,no,3,rent,60,24,single,no_rec,fixed,60,147.0,0.0,0.0,1050,1351
1913,yes,8,owner,36,48,married,yes_rec,fixed,35,121.0,3000.0,0.0,400,925
1914,no,21,owner,60,57,married,no_rec,freelance,60,95.0,8000.0,0.0,1000,1700
1915,no,20,parents,60,46,single,no_rec,fixed,35,108.0,8000.0,0.0,550,1106
1916,no,3,owner,48,29,married,no_rec,fixed,35,83.0,4500.0,1170.0,700,837
1917,yes,3,rent,48,39,married,yes_rec,fixed,97,223.0,0.0,0.0,1250,1609
1918,no,0,owner,36,41,married,no_rec,fixed,75,89.0,5500.0,0.0,1000,1670
1919,yes,0,owner,48,49,married,no_rec,partime,35,136.0,5000.0,1600.0,900,1178
1920,no,24,owner,48,48,married,no_rec,fixed,75,90.0,3000.0,0.0,400,975
1921,no,7,owner,60,42,married,no_rec,fixed,45,88.0,4000.0,0.0,850,1033
1922,no,2,rent,36,42,single,no_rec,fixed,45,104.0,0.0,0.0,800,870
1923,no,1,rent,60,29,married,no_rec,fixed,59,142.0,0.0,0.0,700,1344
1924,no,15,owner,60,29,married,no_rec,fixed,45,110.0,4500.0,900.0,1300,1595
1925,no,15,rent,36,36,married,no_rec,fixed,60,145.0,0.0,0.0,900,1621
1926,no,12,owner,36,47,married,no_rec,fixed,75,124.0,3500.0,0.0,460,470
1927,no,5,parents,36,21,single,yes_rec,fixed,35,62.0,0.0,0.0,250,375
1928,no,2,parents,60,35,single,no_rec,others,35,65.0,0.0,0.0,1100,1324
1929,no,14,owner,60,30,married,no_rec,fixed,45,120.0,6500.0,3000.0,760,895
1930,no,15,parents,60,34,married,no_rec,fixed,75,182.0,3000.0,0.0,1500,1889
1931,no,4,parents,36,27,married,no_rec,fixed,45,72.0,0.0,0.0,350,1426
1932,no,11,owner,30,35,married,no_rec,fixed,75,160.0,4000.0,0.0,700,1340
1933,yes,14,priv,36,45,separated,yes_rec,fixed,35,120.0,2500.0,0.0,1150,1350
1934,no,21,priv,48,51,married,no_rec,fixed,60,110.0,2500.0,400.0,1000,1398
1935,yes,5,parents,60,40,married,yes_rec,fixed,45,100.0,0.0,0.0,1385,1385
1936,no,21,other,60,45,widow,no_rec,fixed,45,110.0,0.0,0.0,650,1584
1937,no,7,parents,60,26,single,no_rec,fixed,35,100.0,0.0,0.0,1000,1238
1938,yes,11,rent,60,38,married,no_rec,fixed,82,71.0,0.0,0.0,900,977
1939,no,18,owner,48,48,married,yes_rec,fixed,105,129.0,3000.0,0.0,780,2220
1940,no,0,rent,60,28,married,no_rec,fixed,76,155.0,0.0,0.0,800,1218
1941,no,3,owner,48,37,widow,no_rec,others,45,110.0,10000.0,0.0,1700,2481
1942,no,22,owner,60,46,married,no_rec,fixed,90,214.0,8000.0,0.0,1120,1395
1943,no,5,rent,36,30,married,no_rec,fixed,74,140.0,0.0,0.0,850,862
1944,no,22,owner,60,37,married,no_rec,fixed,60,132.0,6000.0,1500.0,1400,1571
1945,no,9,owner,48,26,married,no_rec,fixed,35,101.0,5000.0,0.0,500,1997
1946,no,9,rent,60,32,married,no_rec,fixed,71,105.0,0.0,0.0,700,1800
1947,no,5,priv,24,32,separated,no_rec,freelance,35,143.0,8000.0,0.0,600,1350
1948,no,11,owner,60,41,married,no_rec,fixed,60,313.0,7500.0,2000.0,2180,2654
1949,no,3,parents,60,31,single,no_rec,partime,35,0.0,2000.0,0.0,1200,1661
1950,yes,1,parents,60,27,single,no_rec,partime,35,82.0,8000.0,0.0,1100,1300
1951,yes,40,owner,36,62,married,yes_rec,freelance,45,157.0,13500.0,0.0,1000,1300
1952,no,18,rent,42,35,married,no_rec,fixed,76,157.0,0.0,0.0,800,1687
1953,no,11,owner,24,41,married,no_rec,fixed,60,100.0,15000.0,0.0,700,1480
1954,yes,2,owner,60,54,widow,yes_rec,fixed,35,180.0,8000.0,0.0,1000,1130
1955,no,2,rent,48,45,married,no_rec,freelance,47,124.0,0.0,0.0,1600,1895
1956,no,20,owner,54,59,married,no_rec,freelance,60,87.0,3500.0,0.0,500,984
1957,yes,2,parents,60,52,married,yes_rec,freelance,75,160.0,5000.0,0.0,1350,1999
1958,no,0,parents,36,20,single,no_rec,partime,35,120.0,0.0,0.0,1100,1100
1959,no,2,owner,36,35,married,no_rec,fixed,75,152.0,3000.0,0.0,1000,1542
1960,no,1,owner,60,31,married,no_rec,fixed,60,94.0,2500.0,0.0,900,1236
1961,yes,4,rent,36,34,married,no_rec,fixed,70,100.0,0.0,0.0,900,1150
1962,yes,2,priv,60,28,married,yes_rec,fixed,75,166.0,6000.0,0.0,1500,1599
1963,no,5,owner,6,44,married,no_rec,fixed,75,315.0,13000.0,0.0,500,2624
1964,no,12,rent,60,42,married,no_rec,fixed,114,390.0,0.0,0.0,1100,1126
1965,no,11,rent,12,29,single,no_rec,fixed,44,93.0,0.0,0.0,700,1667
1966,no,12,priv,48,37,married,no_rec,freelance,60,100.0,9000.0,0.0,1200,1995
1967,no,2,owner,30,26,married,no_rec,fixed,60,50.0,3500.0,250.0,600,1292
1968,yes,4,rent,36,27,separated,no_rec,fixed,47,116.0,0.0,0.0,1300,1700
1969,no,13,parents,60,32,married,no_rec,fixed,60,152.0,0.0,0.0,900,1654
1970,yes,7,rent,48,43,married,no_rec,fixed,44,92.0,0.0,0.0,1300,1653
1971,no,8,owner,60,34,married,no_rec,fixed,45,100.0,3500.0,0.0,1300,1300
1972,yes,2,owner,60,38,married,yes_rec,fixed,75,74.0,3500.0,500.0,1700,1888
1973,no,10,parents,48,58,married,no_rec,others,35,450.0,2500.0,0.0,1200,1505
1974,yes,4,owner,60,33,married,no_rec,partime,90,82.0,3500.0,1000.0,1300,1795
1975,no,11,owner,48,27,married,no_rec,fixed,35,140.0,4000.0,0.0,1500,1641
1976,no,0,parents,60,22,single,no_rec,partime,45,183.0,4000.0,0.0,1150,1150
1977,yes,4,owner,60,47,married,no_rec,freelance,75,0.0,13500.0,0.0,1900,1976
1978,yes,1,rent,60,52,divorced,no_rec,fixed,55,99.0,0.0,0.0,750,873
1979,no,5,owner,18,28,married,no_rec,fixed,60,102.0,2500.0,1300.0,450,1437
1980,no,7,rent,36,33,separated,yes_rec,fixed,47,115.0,0.0,0.0,645,895
1981,no,1,owner,60,36,married,no_rec,fixed,75,214.0,3500.0,0.0,650,1645
1982,yes,25,priv,60,56,married,yes_rec,freelance,90,85.0,3500.0,0.0,800,975
1983,no,0,parents,24,41,married,no_rec,fixed,60,105.0,3500.0,0.0,450,600
1984,yes,0,parents,60,25,single,no_rec,partime,35,35.0,0.0,0.0,1150,1351
1985,no,3,parents,60,35,single,no_rec,fixed,35,190.0,2500.0,0.0,1400,1561
1986,no,8,rent,60,31,married,no_rec,fixed,66,211.0,0.0,0.0,1950,2276
1987,no,6,owner,60,35,married,no_rec,fixed,60,135.0,4500.0,1000.0,1658,1675
1988,no,1,owner,36,21,single,no_rec,fixed,35,127.0,10000.0,0.0,850,1014
1989,yes,4,parents,48,40,married,no_rec,freelance,90,20.0,0.0,0.0,1850,2143
1990,no,2,owner,12,30,married,no_rec,fixed,35,110.0,15000.0,0.0,700,1355
1991,no,15,rent,48,40,married,no_rec,fixed,57,120.0,0.0,0.0,1000,1500
1992,yes,0,rent,36,23,married,no_rec,partime,44,88.0,0.0,0.0,450,495
1993,no,0,owner,12,22,married,no_rec,others,75,100.0,50000.0,8000.0,900,2327
1994,no,5,owner,36,45,widow,no_rec,others,35,142.0,6000.0,0.0,800,850
1995,no,1,other,30,26,single,no_rec,fixed,35,110.0,0.0,0.0,700,1340
1996,yes,1,rent,60,24,married,yes_rec,partime,42,70.0,0.0,0.0,1700,1761
1997,no,1,parents,30,22,single,no_rec,fixed,35,111.0,0.0,0.0,775,1100
1998,no,5,owner,60,37,married,no_rec,others,75,145.0,3000.0,672.0,1300,1510
1999,yes,6,rent,48,65,married,no_rec,others,69,237.0,0.0,0.0,1571,1571
2000,no,5,owner,60,57,married,no_rec,fixed,60,830.0,18000.0,0.0,2000,2125
2001,no,1,owner,36,36,married,no_rec,fixed,35,100.0,7000.0,0.0,2000,2500
2002,yes,4,rent,36,24,married,no_rec,partime,55,100.0,0.0,0.0,650,725
2003,no,11,rent,24,26,single,no_rec,fixed,59,137.0,2500.0,0.0,350,1158
2004,no,2,other,60,23,married,no_rec,freelance,35,140.0,0.0,0.0,1400,1581
2005,yes,2,parents,48,28,separated,no_rec,freelance,35,140.0,0.0,0.0,1000,1100
2006,no,3,parents,60,26,single,yes_rec,fixed,35,73.0,0.0,0.0,650,1200
2007,no,9,rent,60,39,married,no_rec,fixed,57,123.0,0.0,0.0,1000,1194
2008,no,13,owner,36,50,married,no_rec,fixed,45,139.0,1800.0,0.0,715,1683
2009,yes,2,owner,36,32,married,no_rec,fixed,75,101.0,1500.0,400.0,1200,1646
2010,no,14,parents,60,28,married,no_rec,fixed,45,140.0,0.0,0.0,1150,1301
2011,yes,0,parents,48,21,single,no_rec,partime,35,48.0,0.0,0.0,1850,1877
2012,no,7,rent,36,49,married,no_rec,fixed,57,115.0,0.0,0.0,675,675
2013,no,11,parents,30,27,single,no_rec,fixed,35,117.0,0.0,0.0,600,1293
2014,no,15,owner,36,38,married,yes_rec,freelance,45,110.0,7000.0,0.0,450,550
2015,no,3,owner,24,32,married,no_rec,fixed,60,196.0,5000.0,300.0,800,1606
2016,no,5,owner,36,46,married,no_rec,freelance,60,100.0,4000.0,0.0,1100,1897
2017,yes,0,rent,36,27,married,no_rec,partime,42,72.0,0.0,0.0,700,925
2018,no,11,owner,60,38,married,no_rec,freelance,60,350.0,7500.0,0.0,1500,1800
2019,yes,16,owner,60,44,married,no_rec,fixed,35,150.0,2500.0,400.0,2000,2190
2020,no,10,owner,60,40,married,no_rec,freelance,90,301.0,2000.0,0.0,1100,1835
2021,no,7,owner,24,39,married,no_rec,fixed,75,260.0,10000.0,0.0,400,1100
2022,no,18,owner,42,38,married,no_rec,freelance,75,229.0,8000.0,0.0,1700,1850
2023,no,17,owner,60,41,married,no_rec,freelance,75,250.0,13500.0,3700.0,1400,2050
2024,no,13,owner,48,45,married,no_rec,fixed,45,106.0,4000.0,0.0,400,1615
2025,no,8,owner,60,40,married,no_rec,fixed,60,90.0,4500.0,0.0,1100,1638
2026,no,4,parents,60,26,single,no_rec,freelance,35,60.0,0.0,0.0,600,710
2027,no,8,owner,36,38,married,no_rec,fixed,45,150.0,23000.0,0.0,2800,4400
2028,yes,22,owner,60,50,married,no_rec,fixed,90,210.0,16000.0,0.0,2100,2500
2029,yes,2,parents,36,24,single,no_rec,fixed,35,65.0,0.0,0.0,895,895
2030,no,20,parents,36,38,married,yes_rec,freelance,60,0.0,25000.0,0.0,1500,1650
2031,no,3,owner,48,39,married,no_rec,fixed,60,110.0,3000.0,0.0,1270,1613
2032,no,16,owner,48,55,married,no_rec,fixed,45,120.0,2500.0,0.0,650,1551
2033,no,2,owner,48,32,married,no_rec,fixed,75,139.0,2000.0,80.0,460,1589
2034,no,23,owner,24,47,married,no_rec,fixed,35,114.0,3000.0,0.0,400,765
2035,yes,0,rent,48,32,single,no_rec,fixed,41,60.0,0.0,0.0,800,1566
2036,no,8,owner,36,37,married,yes_rec,fixed,45,142.0,4500.0,300.0,370,870
2037,yes,25,other,48,50,separated,yes_rec,fixed,35,89.0,0.0,0.0,800,2300
2038,no,16,owner,36,55,married,yes_rec,fixed,60,230.0,5000.0,0.0,1200,1460
2039,no,1,parents,36,19,single,no_rec,partime,35,118.0,0.0,0.0,1200,1426
2040,no,0,owner,12,59,married,no_rec,freelance,45,42.0,4000.0,0.0,400,790
2041,yes,2,rent,48,23,single,no_rec,partime,51,158.0,0.0,0.0,1300,1700
2042,yes,4,rent,36,24,married,yes_rec,fixed,75,148.0,0.0,0.0,900,1100
2043,no,10,owner,42,25,married,no_rec,fixed,45,110.0,3000.0,0.0,1500,2178
2044,no,30,owner,36,52,married,no_rec,freelance,45,33.0,3000.0,0.0,600,1011
2045,yes,0,priv,60,39,married,no_rec,partime,35,85.0,1500.0,0.0,1270,1405
2046,yes,2,rent,60,40,single,yes_rec,fixed,104,138.0,5000.0,300.0,1700,1879
2047,no,1,rent,60,21,single,no_rec,fixed,46,110.0,0.0,0.0,1450,1517
2048,yes,1,priv,60,35,married,no_rec,freelance,35,0.0,3000.0,0.0,1400,1411
2049,no,5,owner,60,37,married,yes_rec,freelance,75,75.0,12000.0,0.0,900,1014
2050,no,20,owner,60,44,married,no_rec,fixed,60,168.0,3000.0,0.0,1400,1599
2051,no,32,owner,24,63,married,no_rec,freelance,45,0.0,90000.0,0.0,1000,1501
2052,no,8,owner,36,48,married,no_rec,fixed,45,75.0,3500.0,0.0,670,857
2053,no,3,owner,60,27,married,no_rec,fixed,75,122.0,4000.0,0.0,1400,1702
2054,no,1,rent,60,29,married,no_rec,fixed,73,133.0,0.0,0.0,1000,1158
2055,no,0,priv,36,60,married,no_rec,fixed,60,140.0,3000.0,0.0,1000,2050
2056,no,1,owner,36,27,single,no_rec,fixed,35,208.0,9000.0,0.0,1000,1651
2057,no,40,owner,24,62,married,no_rec,freelance,60,130.0,15000.0,0.0,250,758
2058,yes,1,parents,60,30,separated,no_rec,partime,35,70.0,0.0,0.0,925,925
2059,no,18,owner,60,44,married,no_rec,fixed,60,110.0,4000.0,500.0,1300,1725
2060,yes,1,owner,24,32,married,no_rec,partime,45,182.0,4000.0,200.0,175,175
2061,no,10,owner,60,40,married,no_rec,fixed,105,125.0,6500.0,0.0,1500,1800
2062,no,15,owner,48,33,married,no_rec,fixed,75,220.0,7000.0,0.0,1300,2400
2063,yes,2,other,60,21,single,no_rec,fixed,35,86.0,0.0,0.0,1400,1600
2064,no,2,parents,36,28,single,yes_rec,fixed,35,51.0,0.0,0.0,325,525
2065,no,12,owner,36,38,married,no_rec,fixed,60,130.0,5000.0,0.0,700,950
2066,no,9,parents,60,35,married,no_rec,fixed,60,118.0,0.0,0.0,1000,1656
2067,no,10,owner,48,36,married,no_rec,partime,75,82.0,3000.0,0.0,1000,1400
2068,yes,5,owner,42,32,married,no_rec,fixed,60,96.0,6000.0,800.0,1700,2349
2069,no,20,owner,36,36,married,no_rec,fixed,90,464.0,5000.0,0.0,2000,2168
2070,no,9,other,60,31,married,no_rec,fixed,60,130.0,0.0,0.0,1500,1700
2071,no,16,parents,24,44,single,no_rec,freelance,35,86.0,0.0,0.0,700,950
2072,no,2,owner,36,34,married,no_rec,fixed,60,125.0,59000.0,900.0,1500,3000
2073,no,28,owner,30,54,married,no_rec,fixed,45,234.0,15000.0,0.0,1250,2166
2074,no,12,owner,36,43,married,no_rec,fixed,45,70.0,5000.0,0.0,700,1487
2075,no,2,owner,48,57,married,no_rec,fixed,45,184.0,4000.0,0.0,1000,1500
2076,no,20,parents,60,36,married,no_rec,fixed,60,121.0,0.0,0.0,850,935
2077,yes,20,owner,48,51,married,yes_rec,fixed,45,213.0,5000.0,1000.0,1100,1376
2078,no,14,owner,60,40,married,no_rec,fixed,45,91.0,0.0,0.0,1100,1565
2079,no,23,priv,60,51,married,yes_rec,fixed,45,110.0,2500.0,0.0,800,1343
2080,no,6,other,36,36,married,no_rec,fixed,60,160.0,0.0,0.0,550,700
2081,no,2,parents,36,30,married,yes_rec,partime,60,203.0,0.0,0.0,600,1549
2082,yes,8,owner,60,37,married,no_rec,fixed,75,50.0,15000.0,0.0,1400,1645
2083,yes,0,owner,60,29,married,yes_rec,fixed,45,100.0,4500.0,0.0,1200,1406
2084,no,12,rent,36,51,married,no_rec,fixed,74,139.0,0.0,0.0,600,690
2085,yes,12,owner,48,49,married,yes_rec,fixed,45,152.0,7500.0,0.0,1100,2120
2086,no,24,owner,60,43,single,no_rec,fixed,35,120.0,3500.0,0.0,1320,1680
2087,no,0,owner,24,33,married,no_rec,partime,35,100.0,8000.0,0.0,500,2700
2088,no,2,owner,36,37,married,no_rec,fixed,60,83.0,3500.0,0.0,310,1119
2089,no,10,owner,60,51,married,no_rec,fixed,60,202.0,2000.0,0.0,1400,1580
2090,no,4,owner,48,22,single,no_rec,fixed,45,113.0,14000.0,0.0,1300,1410
2091,no,8,rent,60,46,married,no_rec,freelance,45,0.0,0.0,0.0,1000,1359
2092,no,6,owner,60,27,married,no_rec,fixed,45,122.0,2000.0,1000.0,1300,1384
2093,no,6,owner,6,50,married,yes_rec,freelance,75,100.0,30000.0,0.0,600,1282
2094,no,26,owner,60,41,married,no_rec,fixed,45,132.0,0.0,0.0,1100,1472
2095,no,19,owner,60,54,widow,yes_rec,fixed,35,207.0,11000.0,4000.0,800,1336
2096,no,2,owner,36,24,married,no_rec,freelance,45,0.0,4000.0,1900.0,700,1780
2097,no,4,owner,60,37,married,no_rec,fixed,75,0.0,5000.0,900.0,500,1205
2098,yes,13,rent,60,42,separated,yes_rec,fixed,47,120.0,0.0,0.0,800,1395
2099,no,3,owner,60,25,married,no_rec,partime,60,120.0,3500.0,200.0,1000,1342
2100,no,3,owner,60,26,married,no_rec,freelance,35,121.0,8000.0,3055.0,1400,1581
2101,no,11,rent,60,54,married,no_rec,fixed,54,90.0,0.0,0.0,1000,1303
2102,yes,5,priv,36,50,married,no_rec,fixed,60,165.0,8000.0,0.0,750,875
2103,no,3,owner,60,42,married,no_rec,fixed,60,143.0,5000.0,0.0,850,1059
2104,yes,8,other,60,41,married,no_rec,freelance,45,62.0,0.0,0.0,1800,2101
2105,no,1,parents,36,23,single,no_rec,partime,35,56.0,0.0,0.0,500,550
2106,no,13,owner,42,34,married,no_rec,fixed,105,190.0,2500.0,300.0,1100,1395
2107,no,9,rent,60,30,married,no_rec,freelance,73,129.0,0.0,0.0,800,846
2108,yes,1,rent,48,23,single,no_rec,freelance,35,0.0,0.0,0.0,1200,1366
2109,yes,2,priv,48,37,married,yes_rec,partime,75,115.0,2000.0,0.0,850,1194
2110,no,0,owner,36,54,married,no_rec,others,45,134.0,2500.0,0.0,625,801
2111,no,10,priv,60,55,married,no_rec,fixed,60,195.0,4000.0,0.0,1900,2150
2112,no,8,owner,60,34,married,no_rec,fixed,75,145.0,3000.0,1800.0,1500,1703
2113,yes,0,parents,48,26,married,no_rec,partime,45,76.0,0.0,0.0,700,2300
2114,yes,8,rent,60,58,married,yes_rec,fixed,60,0.0,0.0,0.0,1400,1996
2115,no,4,owner,60,26,single,yes_rec,fixed,35,155.0,4000.0,0.0,1350,1610
2116,yes,2,parents,30,28,single,no_rec,partime,35,70.0,0.0,0.0,550,875
2117,yes,4,rent,48,26,single,no_rec,fixed,47,124.0,0.0,0.0,1500,1756
2118,no,7,rent,36,33,married,no_rec,freelance,78,178.0,0.0,0.0,700,1033
2119,no,8,owner,60,51,married,no_rec,fixed,45,250.0,4000.0,0.0,1000,1250
2120,no,7,owner,60,39,married,no_rec,fixed,90,142.0,6000.0,0.0,1300,1534
2121,no,14,owner,48,40,married,no_rec,fixed,75,335.0,8000.0,0.0,1800,2208
2122,no,23,owner,60,38,married,no_rec,fixed,45,500.0,3500.0,0.0,1900,2357
2123,no,1,parents,18,23,single,no_rec,partime,35,50.0,0.0,0.0,250,1139
2124,no,11,owner,60,26,married,no_rec,fixed,35,70.0,5000.0,0.0,1050,1273
2125,no,2,priv,60,30,married,no_rec,fixed,60,152.0,3500.0,750.0,800,865
2126,no,3,owner,48,29,single,no_rec,fixed,35,76.0,4000.0,1500.0,800,1500
2127,yes,4,rent,60,46,married,no_rec,freelance,70,100.0,0.0,0.0,2400,2500
2128,no,5,rent,30,59,married,no_rec,fixed,81,207.0,20000.0,0.0,700,1460
2129,no,15,owner,36,47,married,no_rec,fixed,75,230.0,13000.0,1400.0,1400,1568
2130,yes,5,owner,60,43,married,yes_rec,freelance,75,166.0,7000.0,700.0,1000,1040
2131,no,2,owner,60,23,single,no_rec,fixed,35,150.0,3000.0,0.0,2000,4904
2132,no,0,parents,60,21,single,no_rec,partime,45,312.0,10000.0,0.0,1033,1175
2133,yes,0,owner,60,42,married,yes_rec,partime,35,130.0,7000.0,3000.0,950,950
2134,no,15,parents,60,34,single,no_rec,fixed,45,195.0,17000.0,0.0,1200,1200
2135,yes,3,priv,24,47,married,no_rec,fixed,60,116.0,4000.0,1500.0,800,1000
2136,no,11,owner,60,46,married,no_rec,fixed,75,149.0,3500.0,0.0,1400,2194
2137,no,0,rent,48,23,single,no_rec,fixed,44,88.0,0.0,0.0,1000,1529
2138,no,11,rent,60,32,married,no_rec,fixed,79,185.0,0.0,0.0,950,1117
2139,no,1,rent,48,39,married,no_rec,fixed,86,105.0,0.0,0.0,1300,1600
2140,no,10,owner,48,38,married,no_rec,fixed,60,371.0,10000.0,4350.0,1450,1670
2141,no,14,other,48,36,married,no_rec,fixed,35,251.0,0.0,0.0,1000,1550
2142,yes,2,rent,36,27,separated,no_rec,fixed,48,128.0,0.0,0.0,450,545
2143,yes,1,other,48,32,married,no_rec,fixed,60,69.0,0.0,0.0,2000,2580
2144,no,4,other,24,43,married,no_rec,freelance,45,125.0,0.0,0.0,400,1100
2145,no,7,owner,30,30,married,yes_rec,fixed,45,126.0,7000.0,0.0,500,1661
2146,yes,18,owner,48,43,married,no_rec,fixed,90,100.0,3500.0,0.0,1400,1403
2147,no,3,rent,60,40,married,no_rec,fixed,84,86.0,0.0,0.0,1000,1197
2148,no,20,owner,24,66,married,no_rec,fixed,45,143.0,10000.0,0.0,950,1370
2149,no,1,rent,18,33,married,no_rec,freelance,69,244.0,0.0,0.0,600,1150
2150,yes,14,owner,36,33,single,no_rec,freelance,35,0.0,4000.0,1500.0,700,1700
2151,no,4,owner,60,31,married,no_rec,fixed,60,177.0,3000.0,0.0,1300,1409
2152,no,5,owner,48,40,married,no_rec,freelance,75,61.0,11000.0,770.0,1200,1483
2153,no,13,owner,60,32,married,no_rec,fixed,75,182.0,5000.0,2500.0,1300,1569
2154,yes,1,rent,60,34,married,no_rec,fixed,56,112.0,4000.0,1500.0,1400,1508
2155,no,12,owner,60,50,married,no_rec,fixed,45,190.0,9500.0,200.0,1800,2624
2156,no,7,owner,36,36,married,no_rec,fixed,45,103.0,4000.0,0.0,325,1626
2157,yes,1,other,36,46,married,yes_rec,fixed,35,150.0,0.0,0.0,3000,4250
2158,no,2,parents,60,28,married,no_rec,fixed,60,131.0,6000.0,0.0,1250,1346
2159,no,6,parents,60,27,single,no_rec,fixed,35,130.0,0.0,0.0,1600,1900
2160,no,17,owner,36,47,married,no_rec,fixed,75,158.0,17000.0,0.0,1000,2159
2161,no,3,owner,36,26,married,no_rec,fixed,45,133.0,26000.0,0.0,1000,1300
2162,no,19,rent,60,37,married,yes_rec,fixed,88,125.0,0.0,0.0,750,970
2163,no,0,rent,18,34,married,yes_rec,partime,98,81.0,0.0,0.0,300,450
2164,no,21,priv,60,51,married,no_rec,fixed,45,140.0,3000.0,0.0,1200,1200
2165,no,7,parents,60,30,single,no_rec,fixed,35,95.0,0.0,0.0,900,1158
2166,no,12,owner,60,56,married,no_rec,freelance,35,126.0,17000.0,0.0,3000,3745
2167,yes,4,rent,60,33,married,no_rec,freelance,82,69.0,0.0,0.0,2000,2216
2168,yes,1,owner,24,49,married,yes_rec,partime,35,90.0,7000.0,0.0,265,300
2169,no,10,owner,24,39,married,no_rec,fixed,45,217.0,9000.0,3000.0,1500,2468
2170,yes,1,priv,48,36,single,yes_rec,fixed,35,173.0,7700.0,0.0,1000,2008
2171,no,22,rent,60,51,married,no_rec,fixed,57,116.0,0.0,0.0,1300,1347
2172,no,1,owner,42,35,married,no_rec,fixed,75,54.0,6000.0,0.0,1000,1900
2173,no,3,owner,36,41,married,yes_rec,fixed,45,270.0,25000.0,0.0,900,910
2174,no,7,other,24,30,single,no_rec,fixed,35,102.0,0.0,0.0,400,1541
2175,no,0,parents,48,20,single,no_rec,partime,35,215.0,15000.0,0.0,1100,1100
2176,yes,5,ignore,60,25,married,no_rec,fixed,75,160.0,1000.0,0.0,890,990
2177,yes,11,owner,48,26,married,no_rec,fixed,35,135.0,3500.0,0.0,200,1871
2178,no,20,owner,60,49,married,no_rec,fixed,60,130.0,4000.0,0.0,1100,1738
2179,no,1,owner,12,61,married,no_rec,others,45,103.0,20000.0,0.0,300,650
2180,no,4,rent,60,26,married,no_rec,fixed,51,60.0,0.0,0.0,1750,1950
2181,yes,10,rent,48,36,married,yes_rec,freelance,100,247.0,0.0,0.0,1500,1810
2182,no,13,owner,60,41,married,no_rec,fixed,75,89.0,2000.0,0.0,1000,1274
2183,no,10,owner,36,36,married,no_rec,fixed,35,235.0,12000.0,1700.0,1500,1985
2184,no,1,parents,60,36,single,no_rec,fixed,35,176.0,0.0,0.0,1100,1600
2185,no,0,owner,60,50,single,no_rec,fixed,35,120.0,0.0,0.0,1400,1430
2186,yes,2,other,48,47,single,yes_rec,freelance,35,0.0,0.0,0.0,2150,2152
2187,no,3,rent,36,30,married,yes_rec,freelance,59,140.0,0.0,0.0,1300,2115
2188,yes,4,owner,48,27,married,no_rec,freelance,75,0.0,3000.0,2000.0,900,1150
2189,no,2,rent,60,49,married,no_rec,fixed,51,155.0,0.0,0.0,1500,1550
2190,no,2,rent,60,26,married,yes_rec,fixed,70,98.0,0.0,0.0,1100,1240
2191,no,17,owner,60,42,married,no_rec,fixed,75,134.0,3500.0,0.0,1000,1594
2192,yes,10,rent,60,43,married,no_rec,freelance,90,0.0,0.0,0.0,1350,1668
2193,no,2,owner,60,25,married,no_rec,freelance,45,200.0,6000.0,1500.0,1600,1866
2194,no,10,owner,48,44,married,no_rec,fixed,75,450.0,12000.0,0.0,1030,1128
2195,yes,7,rent,60,49,married,yes_rec,fixed,67,68.0,0.0,0.0,1300,1500
2196,yes,0,rent,48,35,married,no_rec,partime,106,160.0,0.0,0.0,930,930
2197,no,3,rent,36,25,single,no_rec,fixed,49,138.0,0.0,0.0,900,1717
2198,no,11,rent,60,28,married,no_rec,fixed,59,144.0,0.0,0.0,1225,1360
2199,no,20,owner,36,47,married,no_rec,freelance,60,0.0,4000.0,0.0,800,1701
2200,yes,0,owner,60,32,married,yes_rec,fixed,45,142.0,7000.0,3000.0,1250,1566
2201,no,6,owner,60,31,married,no_rec,fixed,45,131.0,4000.0,1600.0,600,1661
2202,no,5,owner,30,53,single,no_rec,freelance,35,700.0,23000.0,0.0,1500,2150
2203,yes,15,owner,36,44,married,yes_rec,fixed,90,245.0,4000.0,0.0,375,460
2204,yes,0,parents,18,19,single,no_rec,fixed,35,91.0,0.0,0.0,650,650
2205,yes,9,rent,24,30,single,yes_rec,fixed,46,113.0,0.0,0.0,700,700
2206,no,11,owner,36,40,married,no_rec,fixed,45,203.0,8000.0,4000.0,900,1674
2207,no,12,owner,36,55,married,no_rec,fixed,45,104.0,5000.0,0.0,275,575
2208,no,11,owner,48,29,married,no_rec,fixed,75,76.0,15000.0,0.0,300,1336
2209,no,10,rent,36,36,divorced,no_rec,freelance,45,100.0,0.0,0.0,1000,1700
2210,no,10,rent,36,31,married,no_rec,fixed,61,164.0,5000.0,0.0,1000,1440
2211,no,26,rent,60,40,married,no_rec,fixed,47,118.0,0.0,0.0,1260,1450
2212,no,10,owner,60,37,single,yes_rec,others,35,0.0,78000.0,0.0,1250,1418
2213,no,19,rent,18,39,single,no_rec,fixed,45,100.0,0.0,0.0,450,997
2214,no,12,owner,18,35,married,no_rec,fixed,60,400.0,6000.0,0.0,200,2225
2215,no,0,parents,18,33,single,no_rec,fixed,35,112.0,6000.0,0.0,450,1196
2216,yes,1,priv,48,41,married,no_rec,partime,75,80.0,4000.0,30.0,1100,1409
2217,no,19,owner,60,46,married,no_rec,freelance,60,190.0,7000.0,0.0,1500,2755
2218,no,25,owner,48,49,married,no_rec,freelance,105,240.0,12000.0,4200.0,1660,1698
2219,no,2,rent,60,26,married,no_rec,partime,85,97.0,6000.0,0.0,1070,1172
2220,no,2,parents,60,25,married,no_rec,freelance,35,150.0,2000.0,0.0,1000,1302
2221,no,5,parents,60,24,single,no_rec,fixed,35,92.0,0.0,0.0,1030,1068
2222,no,4,rent,48,42,married,no_rec,freelance,100,245.0,0.0,0.0,1450,1489
2223,no,15,parents,48,30,separated,no_rec,fixed,35,126.0,0.0,0.0,850,1075
2224,no,21,owner,36,51,married,no_rec,fixed,75,160.0,1500.0,0.0,900,1221
2225,no,1,parents,24,22,single,no_rec,partime,35,80.0,0.0,0.0,150,400
2226,no,14,owner,36,33,married,no_rec,fixed,60,92.0,7000.0,0.0,800,1115
2227,no,1,parents,48,26,single,no_rec,freelance,35,500.0,0.0,0.0,1300,1561
2228,yes,13,other,60,31,married,no_rec,fixed,60,105.0,0.0,0.0,1200,1423
2229,yes,3,owner,36,40,married,yes_rec,freelance,35,200.0,10000.0,0.0,800,800
2230,no,23,owner,48,47,married,no_rec,fixed,105,139.0,2500.0,0.0,750,940
2231,no,20,owner,36,35,married,no_rec,fixed,75,175.0,12000.0,0.0,1500,1700
2232,yes,5,rent,60,37,married,yes_rec,fixed,131,257.0,0.0,0.0,2200,2538
2233,no,2,rent,60,33,single,no_rec,fixed,75,400.0,0.0,0.0,1450,1457
2234,no,18,owner,60,48,married,no_rec,fixed,45,104.0,5500.0,25.0,800,1021
2235,no,1,other,60,20,single,no_rec,fixed,35,85.0,0.0,0.0,850,1618
2236,no,12,rent,36,31,married,yes_rec,fixed,73,131.0,0.0,0.0,200,200
2237,no,0,parents,36,23,single,no_rec,fixed,35,70.0,0.0,0.0,900,1210
2238,yes,0,owner,60,24,married,no_rec,others,35,104.0,7000.0,2500.0,1350,1425
2239,yes,2,other,48,29,married,no_rec,fixed,75,96.0,6000.0,3000.0,1200,1521
2240,no,6,owner,36,42,married,no_rec,fixed,60,132.0,6000.0,0.0,1200,1513
2241,no,9,parents,12,27,single,no_rec,fixed,35,80.0,0.0,0.0,200,1093
2242,yes,10,rent,24,52,married,no_rec,freelance,45,0.0,2000.0,0.0,400,1242
2243,no,3,owner,60,32,married,no_rec,fixed,35,138.0,3500.0,0.0,1600,2131
2244,no,1,owner,60,55,married,no_rec,others,35,83.0,13000.0,0.0,900,925
2245,yes,10,rent,36,40,married,no_rec,fixed,115,100.0,0.0,0.0,375,375
2246,no,3,parents,48,27,married,no_rec,fixed,45,227.0,0.0,0.0,1150,1575
2247,no,0,parents,60,29,separated,no_rec,partime,35,140.0,0.0,0.0,763,913
2248,no,12,rent,60,34,married,no_rec,fixed,94,185.0,0.0,0.0,1200,1236
2249,no,4,owner,60,25,married,no_rec,fixed,45,68.0,4500.0,1379.0,725,1460
2250,yes,2,other,60,24,married,no_rec,partime,45,126.0,0.0,0.0,1450,1585
2251,yes,5,rent,48,33,married,yes_rec,freelance,60,0.0,0.0,0.0,2000,2652
2252,no,12,rent,36,43,married,no_rec,fixed,78,180.0,0.0,0.0,1600,2200
2253,no,8,owner,48,63,married,no_rec,fixed,45,107.0,8000.0,0.0,600,790
2254,no,10,rent,60,38,married,yes_rec,fixed,110,204.0,0.0,0.0,1500,1531
2255,no,15,rent,6,41,married,no_rec,freelance,93,175.0,20000.0,1000.0,500,1825
2256,no,30,owner,12,56,married,no_rec,freelance,45,60.0,12000.0,0.0,1375,1700
2257,no,20,rent,60,54,married,no_rec,fixed,43,75.0,0.0,0.0,800,1263
2258,no,9,other,48,24,single,no_rec,fixed,45,88.0,0.0,0.0,1200,1302
2259,yes,1,rent,60,36,married,yes_rec,partime,84,90.0,0.0,0.0,1100,1184
2260,no,2,owner,36,37,married,no_rec,fixed,60,125.0,2000.0,0.0,450,1490
2261,no,2,owner,30,38,married,no_rec,fixed,75,159.0,11000.0,0.0,1280,1289
2262,no,3,parents,60,23,single,no_rec,freelance,45,70.0,4000.0,0.0,1000,1330
2263,no,11,owner,48,46,married,no_rec,freelance,75,160.0,10000.0,0.0,1150,1156
2264,yes,0,owner,60,47,married,yes_rec,partime,60,50.0,15000.0,0.0,1300,1841
2265,no,2,rent,60,45,married,no_rec,freelance,88,129.0,0.0,0.0,850,1044
2266,no,10,rent,60,39,single,no_rec,freelance,45,100.0,0.0,0.0,1450,1692
2267,no,0,parents,36,22,single,no_rec,partime,35,105.0,3000.0,0.0,750,1092
2268,no,15,parents,24,46,married,no_rec,fixed,60,158.0,0.0,0.0,1000,1923
2269,yes,0,rent,60,36,married,yes_rec,partime,75,150.0,0.0,0.0,1500,1642
2270,yes,8,owner,36,45,married,yes_rec,freelance,45,314.0,18000.0,0.0,2800,2960
2271,no,2,owner,48,38,married,no_rec,fixed,75,90.0,7000.0,2000.0,500,1039
2272,no,25,parents,54,43,married,no_rec,fixed,75,110.0,7000.0,0.0,1275,1275
2273,no,2,owner,24,40,married,no_rec,freelance,60,0.0,5000.0,0.0,680,1682
2274,no,16,owner,48,40,married,no_rec,fixed,60,225.0,20000.0,3000.0,700,834
2275,no,22,other,24,36,married,no_rec,fixed,45,176.0,0.0,0.0,700,1428
2276,no,10,other,60,48,married,no_rec,fixed,35,203.0,4000.0,1500.0,1520,1636
2277,no,13,owner,36,61,married,no_rec,freelance,60,120.0,2500.0,0.0,600,980
2278,yes,2,parents,60,23,single,yes_rec,partime,35,75.0,0.0,0.0,1100,1139
2279,yes,3,other,36,22,married,no_rec,fixed,45,215.0,0.0,0.0,1470,1480
2280,no,1,parents,60,22,married,no_rec,partime,35,195.0,120000.0,0.0,1550,1550
2281,no,3,rent,60,29,married,yes_rec,fixed,55,100.0,0.0,0.0,930,1007
2282,no,6,rent,60,46,married,no_rec,fixed,82,217.0,0.0,0.0,1245,1503
2283,no,14,owner,60,51,married,no_rec,fixed,90,150.0,3500.0,0.0,950,957
2284,yes,1,owner,60,42,married,no_rec,partime,120,143.0,5500.0,2000.0,1160,1285
2285,no,12,rent,18,27,married,no_rec,fixed,67,68.0,0.0,0.0,100,675
2286,no,5,parents,60,25,single,no_rec,fixed,35,75.0,0.0,0.0,1200,1300
2287,no,30,owner,60,55,married,no_rec,freelance,35,100.0,70000.0,0.0,1175,1574
2288,no,2,parents,36,30,married,no_rec,fixed,45,170.0,0.0,0.0,700,1090
2289,yes,10,other,36,44,married,yes_rec,freelance,75,0.0,0.0,0.0,1300,2276
2290,no,9,owner,60,25,married,no_rec,fixed,60,200.0,13500.0,5000.0,1900,2115
2291,yes,9,owner,60,34,married,yes_rec,freelance,75,300.0,4000.0,300.0,1000,1392
2292,no,4,owner,30,47,married,no_rec,freelance,90,210.0,15000.0,0.0,1550,1578
2293,no,5,rent,36,30,single,yes_rec,freelance,48,127.0,0.0,0.0,650,900
2294,yes,3,rent,60,38,married,yes_rec,partime,72,123.0,0.0,0.0,1030,1170
2295,no,3,priv,6,24,single,no_rec,fixed,35,173.0,4800.0,0.0,475,1323
2296,no,2,owner,48,52,married,no_rec,fixed,75,218.0,3000.0,10.0,1400,1565
2297,no,3,owner,60,49,married,no_rec,fixed,35,160.0,3000.0,0.0,900,975
2298,no,1,owner,60,60,married,no_rec,others,45,200.0,7000.0,0.0,1000,1179
2299,no,3,parents,60,23,single,no_rec,fixed,45,113.0,4000.0,0.0,900,1105
2300,yes,0,other,48,32,single,no_rec,partime,35,182.0,0.0,0.0,800,907
2301,no,20,owner,24,55,married,no_rec,freelance,75,0.0,11600.0,0.0,750,1705
2302,no,10,parents,24,33,single,no_rec,freelance,35,200.0,70000.0,12000.0,1100,1457
2303,yes,2,owner,60,57,single,no_rec,freelance,35,50.0,15000.0,0.0,960,962
2304,yes,10,owner,48,35,married,no_rec,partime,75,55.0,4000.0,0.0,1500,1786
2305,no,31,rent,60,51,married,yes_rec,fixed,135,300.0,0.0,0.0,1000,1380
2306,no,15,other,60,32,married,no_rec,fixed,45,88.0,0.0,0.0,500,1131
2307,no,4,rent,60,34,married,no_rec,partime,84,85.0,0.0,0.0,800,1293
2308,no,2,owner,60,29,married,yes_rec,fixed,35,160.0,3000.0,0.0,900,1310
2309,no,25,owner,12,43,married,no_rec,freelance,75,250.0,100000.0,0.0,600,841
2310,no,3,parents,24,29,single,no_rec,fixed,35,66.0,0.0,0.0,300,525
2311,no,5,owner,24,26,married,no_rec,fixed,45,147.0,10000.0,300.0,450,1522
2312,no,3,parents,36,31,married,yes_rec,fixed,60,80.0,0.0,0.0,1450,1700
2313,no,6,parents,48,27,single,no_rec,fixed,35,113.0,4000.0,0.0,990,995
2314,no,5,owner,60,36,married,no_rec,fixed,90,223.0,4000.0,0.0,1660,1838
2315,yes,1,rent,60,25,married,no_rec,freelance,45,0.0,0.0,0.0,1000,1310
2316,no,9,priv,48,27,married,no_rec,fixed,45,102.0,5000.0,360.0,1300,1537
2317,no,18,owner,60,35,married,no_rec,fixed,75,179.0,7000.0,3200.0,1000,1455
2318,yes,1,parents,60,23,married,no_rec,partime,45,83.0,0.0,0.0,1140,1461
2319,yes,5,owner,48,39,married,yes_rec,freelance,60,66.0,10000.0,0.0,875,875
2320,no,9,rent,60,25,married,no_rec,fixed,50,145.0,0.0,0.0,1100,1250
2321,no,0,other,42,24,single,no_rec,fixed,35,42.0,0.0,0.0,800,1450
2322,no,22,owner,48,48,married,no_rec,freelance,75,642.0,37000.0,0.0,1000,1484
2323,no,12,owner,60,28,married,no_rec,fixed,45,141.0,6000.0,400.0,1100,1544
2324,yes,1,rent,36,24,married,no_rec,partime,41,56.0,0.0,0.0,500,585
2325,no,5,rent,60,39,married,no_rec,fixed,93,178.0,0.0,0.0,1100,1338
2326,no,7,owner,12,45,widow,yes_rec,freelance,75,200.0,15000.0,0.0,600,1130
2327,no,15,owner,36,40,married,no_rec,fixed,60,230.0,8500.0,480.0,700,1400
2328,no,0,rent,60,35,single,no_rec,fixed,51,163.0,0.0,0.0,1000,1353
2329,no,3,parents,48,29,single,no_rec,fixed,35,145.0,0.0,0.0,1000,1028
2330,no,30,ignore,60,55,married,no_rec,freelance,45,81.0,19000.0,0.0,900,1560
2331,no,6,rent,12,33,married,no_rec,fixed,85,250.0,0.0,0.0,500,1500
2332,yes,12,rent,60,30,single,yes_rec,fixed,44,86.0,0.0,0.0,1300,1380
2333,no,10,owner,60,36,married,no_rec,fixed,75,204.0,5000.0,0.0,1400,1460
2334,yes,0,other,36,19,single,no_rec,fixed,35,100.0,0.0,0.0,650,650
2335,no,20,priv,48,38,married,no_rec,fixed,60,57.0,2500.0,0.0,900,1246
2336,no,7,rent,60,34,married,no_rec,fixed,48,130.0,0.0,0.0,1150,1549
2337,no,20,owner,60,54,married,no_rec,fixed,60,107.0,1500.0,0.0,1250,1500
2338,yes,14,owner,60,44,married,no_rec,fixed,75,100.0,3500.0,0.0,1210,1450
2339,no,5,parents,60,28,married,no_rec,fixed,60,195.0,1800.0,0.0,1000,1527
2340,no,4,parents,48,23,single,no_rec,fixed,35,85.0,0.0,0.0,1200,1350
2341,yes,0,parents,60,33,married,yes_rec,freelance,60,0.0,0.0,0.0,2000,2235
2342,no,20,other,48,47,married,no_rec,fixed,45,182.0,0.0,0.0,1200,1431
2343,no,5,priv,60,31,married,no_rec,fixed,35,90.0,3000.0,0.0,900,1152
2344,no,22,owner,60,54,married,no_rec,fixed,35,104.0,3000.0,0.0,1050,1282
2345,no,2,rent,24,26,single,no_rec,freelance,55,200.0,0.0,0.0,600,1097
2346,yes,0,other,30,21,single,no_rec,partime,35,162.0,0.0,0.0,400,400
2347,no,0,parents,24,23,married,no_rec,partime,35,150.0,0.0,0.0,500,1175
2348,yes,5,parents,24,28,single,yes_rec,freelance,35,0.0,0.0,0.0,400,640
2349,no,2,owner,60,30,married,no_rec,partime,35,154.0,2500.0,500.0,1000,1725
2350,no,5,parents,60,21,single,no_rec,partime,35,70.0,0.0,0.0,1400,1550
2351,no,11,parents,60,37,married,no_rec,fixed,75,100.0,0.0,0.0,1150,1230
2352,no,1,owner,60,61,single,no_rec,others,35,216.0,8000.0,0.0,1200,1236
2353,yes,1,owner,60,25,separated,yes_rec,partime,45,277.0,6000.0,3500.0,1700,1950
2354,no,4,parents,60,32,single,no_rec,fixed,35,150.0,0.0,0.0,700,2061
2355,yes,0,owner,48,39,married,no_rec,freelance,60,200.0,5500.0,0.0,3075,4575
2356,yes,0,parents,48,25,married,no_rec,fixed,60,247.0,0.0,0.0,1900,1900
2357,no,22,parents,36,40,married,no_rec,fixed,75,126.0,0.0,0.0,1000,1688
2358,no,3,other,60,55,married,no_rec,fixed,45,45.0,0.0,0.0,600,864
2359,no,2,rent,36,54,married,no_rec,fixed,54,187.0,0.0,0.0,1200,2050
2360,no,6,owner,36,36,married,no_rec,fixed,60,73.0,3500.0,0.0,475,675
2361,no,20,owner,36,51,married,yes_rec,fixed,75,228.0,4000.0,0.0,1200,1620
2362,no,14,owner,48,53,married,no_rec,fixed,45,95.0,3000.0,0.0,1060,1060
2363,no,4,other,60,25,single,no_rec,fixed,35,162.0,0.0,0.0,1800,2999
2364,yes,3,parents,60,27,single,yes_rec,fixed,35,117.0,0.0,0.0,1500,2190
2365,no,17,owner,60,34,married,no_rec,fixed,75,173.0,4000.0,1600.0,933,964
2366,no,27,rent,60,41,married,no_rec,fixed,74,140.0,0.0,0.0,950,1497
2367,no,4,priv,36,51,married,no_rec,others,45,192.0,4000.0,108.0,575,1075
2368,no,2,parents,60,25,single,no_rec,fixed,35,84.0,0.0,0.0,1150,1705
2369,no,12,owner,60,34,married,no_rec,fixed,75,172.0,10000.0,3900.0,1000,1568
2370,no,16,owner,12,56,married,no_rec,freelance,45,65.0,17000.0,0.0,650,1665
2371,no,30,owner,12,52,single,no_rec,fixed,35,237.0,5000.0,500.0,800,1800
2372,no,1,parents,60,24,single,no_rec,fixed,35,91.0,0.0,0.0,900,1060
2373,no,25,owner,60,42,married,no_rec,fixed,60,133.0,9500.0,0.0,1500,1617
2374,no,14,owner,60,43,married,no_rec,fixed,45,103.0,4000.0,0.0,950,1206
2375,no,35,owner,36,59,married,no_rec,freelance,60,125.0,6000.0,0.0,500,1389
2376,yes,25,rent,60,62,married,no_rec,fixed,60,146.0,0.0,0.0,1000,1292
2377,no,6,owner,60,25,married,no_rec,freelance,45,100.0,3500.0,2500.0,950,1177
2378,yes,0,owner,48,26,married,no_rec,freelance,45,0.0,16000.0,3648.0,400,1751
2379,yes,19,owner,60,47,married,yes_rec,freelance,90,166.0,12500.0,1000.0,875,875
2380,no,0,owner,24,28,married,no_rec,partime,45,219.0,6000.0,0.0,600,943
2381,no,4,parents,54,38,divorced,no_rec,fixed,35,53.0,0.0,0.0,850,1129
2382,no,2,other,36,24,married,no_rec,fixed,60,102.0,0.0,0.0,900,1555
2383,yes,4,rent,60,23,single,yes_rec,fixed,45,97.0,0.0,0.0,1250,1635
2384,no,13,owner,24,41,married,no_rec,fixed,60,167.0,6000.0,1122.0,400,850
2385,no,3,owner,18,66,married,no_rec,others,45,69.0,12000.0,0.0,500,1101
2386,no,0,rent,36,26,married,no_rec,fixed,95,198.0,0.0,0.0,575,650
2387,yes,2,ignore,12,32,married,yes_rec,fixed,45,60.0,3000.0,0.0,1000,1800
2388,yes,3,parents,60,30,married,yes_rec,fixed,45,120.0,4000.0,0.0,1500,1621
2389,no,17,owner,60,57,married,no_rec,fixed,60,106.0,4000.0,0.0,870,979
2390,yes,3,owner,48,50,married,no_rec,fixed,90,125.0,12000.0,0.0,800,950
2391,yes,4,rent,36,38,married,yes_rec,fixed,60,145.0,0.0,0.0,650,1000
2392,no,0,parents,60,30,married,no_rec,fixed,75,100.0,5000.0,0.0,1350,1896
2393,no,8,rent,60,54,married,no_rec,freelance,173,230.0,5000.0,0.0,1100,1500
2394,no,33,owner,48,61,married,no_rec,fixed,35,130.0,8000.0,0.0,850,1050
2395,no,29,owner,60,52,married,no_rec,fixed,75,100.0,3000.0,0.0,1100,1268
2396,yes,2,parents,48,30,single,no_rec,fixed,35,86.0,0.0,0.0,900,1127
2397,yes,4,parents,36,22,single,no_rec,fixed,35,58.0,1000.0,0.0,400,525
2398,no,22,rent,36,60,married,no_rec,fixed,60,149.0,0.0,0.0,200,280
2399,no,22,owner,36,47,married,no_rec,fixed,60,100.0,2250.0,0.0,450,546
2400,no,3,owner,18,30,single,no_rec,partime,35,130.0,5000.0,0.0,1100,1674
2401,no,7,rent,60,47,married,no_rec,fixed,53,80.0,0.0,0.0,1350,1612
2402,no,1,parents,36,25,single,no_rec,fixed,35,62.0,0.0,0.0,750,1366
2403,yes,3,parents,48,38,married,no_rec,partime,60,67.0,0.0,0.0,1000,1045
2404,no,14,parents,24,28,married,no_rec,fixed,45,192.0,0.0,0.0,1000,1736
2405,no,11,owner,60,33,married,no_rec,fixed,60,106.0,6000.0,0.0,1500,1702
2406,yes,1,priv,60,28,married,no_rec,partime,60,174.0,6000.0,720.0,1650,1930
2407,no,3,owner,60,31,married,yes_rec,fixed,45,190.0,5000.0,3500.0,600,1570
2408,no,15,owner,60,43,married,no_rec,freelance,60,310.0,7000.0,0.0,1200,1297
2409,no,22,rent,60,46,married,no_rec,fixed,93,176.0,7500.0,0.0,2000,2200
2410,no,3,owner,48,25,single,no_rec,freelance,35,0.0,4000.0,0.0,1200,1449
2411,no,3,parents,36,26,married,no_rec,freelance,35,61.0,18000.0,0.0,800,1000
2412,no,2,parents,60,35,married,no_rec,fixed,75,104.0,0.0,0.0,1200,1677
2413,no,5,owner,36,58,married,no_rec,others,35,80.0,7000.0,0.0,750,1150
2414,yes,2,parents,48,25,married,no_rec,fixed,35,48.0,6500.0,0.0,900,912
2415,no,25,owner,60,44,married,no_rec,fixed,45,125.0,2500.0,0.0,1200,1570
2416,no,16,owner,36,40,married,yes_rec,fixed,90,120.0,6000.0,0.0,900,1150
2417,no,0,rent,48,36,married,no_rec,fixed,74,141.0,0.0,0.0,1150,1485
2418,no,3,owner,6,27,married,no_rec,fixed,60,150.0,4000.0,1500.0,400,1300
2419,no,5,rent,36,30,married,no_rec,freelance,101,260.0,0.0,0.0,1000,1500
2420,yes,4,rent,60,34,single,no_rec,fixed,43,80.0,0.0,0.0,1500,2218
2421,no,3,parents,18,21,single,no_rec,fixed,35,176.0,8000.0,0.0,1200,2150
2422,yes,4,rent,60,52,married,no_rec,fixed,97,72.0,0.0,0.0,1200,1200
2423,no,17,owner,48,42,married,no_rec,fixed,60,127.0,3500.0,0.0,700,1386
2424,no,6,owner,48,34,married,no_rec,freelance,90,0.0,4500.0,0.0,1100,1192
2425,yes,0,rent,60,19,single,no_rec,fixed,35,0.0,0.0,0.0,1200,1503
2426,no,5,owner,48,32,married,no_rec,freelance,75,110.0,9500.0,0.0,1195,1244
2427,yes,10,parents,60,34,married,yes_rec,freelance,60,400.0,12000.0,0.0,2075,2253
2428,no,7,owner,60,60,married,no_rec,fixed,45,145.0,5000.0,0.0,1350,1363
2429,no,2,rent,48,41,separated,no_rec,fixed,61,162.0,0.0,0.0,900,1178
2430,no,0,owner,36,61,married,no_rec,others,45,111.0,6000.0,0.0,750,857
2431,no,1,priv,12,46,married,no_rec,others,90,90.0,2000.0,600.0,500,1193
2432,yes,0,owner,36,43,widow,no_rec,others,35,49.0,2000.0,0.0,400,710
2433,no,30,owner,60,54,married,no_rec,fixed,60,150.0,15000.0,0.0,1000,1388
2434,no,25,rent,60,48,married,no_rec,fixed,103,126.0,3500.0,0.0,1450,1575
2435,yes,5,parents,36,27,single,no_rec,partime,35,60.0,0.0,0.0,500,1569
2436,yes,0,parents,36,19,single,no_rec,freelance,35,0.0,0.0,0.0,400,495
2437,no,7,owner,18,33,married,no_rec,freelance,60,164.0,4000.0,0.0,550,1679
2438,yes,2,owner,36,30,single,no_rec,freelance,35,177.0,6500.0,2300.0,1750,2750
2439,no,15,parents,36,39,single,no_rec,fixed,60,120.0,0.0,0.0,900,900
2440,no,2,parents,60,30,separated,no_rec,freelance,35,150.0,0.0,0.0,1500,1671
2441,no,0,other,60,30,single,no_rec,partime,35,61.0,0.0,0.0,500,1081
2442,yes,1,other,36,44,married,yes_rec,fixed,60,154.0,2500.0,0.0,2000,2500
2443,no,6,parents,48,38,divorced,no_rec,fixed,35,98.0,0.0,0.0,500,580
2444,no,0,owner,60,32,married,no_rec,freelance,90,107.0,15000.0,0.0,1200,1957
2445,yes,6,parents,60,29,single,no_rec,freelance,35,0.0,3500.0,0.0,1000,1183
2446,no,12,parents,36,30,married,no_rec,freelance,75,110.0,0.0,0.0,800,875
2447,no,7,rent,60,56,married,no_rec,fixed,55,101.0,0.0,0.0,790,1106
2448,yes,10,rent,60,58,divorced,no_rec,freelance,82,470.0,0.0,0.0,1350,1488
2449,no,9,owner,36,24,married,no_rec,fixed,45,140.0,9000.0,0.0,1000,1100
2450,no,6,rent,24,34,married,no_rec,fixed,68,230.0,0.0,0.0,500,1094
2451,no,20,owner,60,51,married,no_rec,fixed,60,165.0,3500.0,0.0,500,625
2452,no,0,parents,36,22,married,no_rec,partime,35,72.0,0.0,0.0,650,950
2453,yes,0,rent,48,23,single,no_rec,partime,42,72.0,0.0,0.0,700,875
2454,yes,8,parents,60,38,married,no_rec,freelance,60,0.0,0.0,0.0,1300,1480
2455,no,4,parents,30,30,single,no_rec,fixed,35,81.0,0.0,0.0,600,775
2456,no,11,rent,60,43,married,no_rec,fixed,49,135.0,0.0,0.0,1200,1650
2457,no,0,parents,36,26,single,no_rec,fixed,35,63.0,0.0,0.0,600,994
2458,no,1,rent,36,44,married,no_rec,fixed,105,145.0,0.0,0.0,1000,2275
2459,no,5,owner,48,21,married,no_rec,fixed,45,100.0,3000.0,0.0,800,1310
2460,no,6,owner,6,29,married,no_rec,fixed,45,190.0,5000.0,0.0,200,2179
2461,no,10,owner,60,28,married,no_rec,freelance,45,0.0,4000.0,0.0,1200,1214
2462,no,6,owner,48,52,married,no_rec,fixed,45,190.0,3500.0,0.0,1500,1905
2463,yes,0,rent,36,18,single,no_rec,partime,40,51.0,0.0,0.0,500,500
2464,no,0,parents,12,35,single,no_rec,partime,35,96.0,0.0,0.0,350,600
2465,yes,3,priv,48,28,married,no_rec,fixed,60,136.0,3500.0,2500.0,1000,1200
2466,no,12,owner,60,34,married,yes_rec,fixed,75,165.0,5000.0,1500.0,1600,1682
2467,yes,5,owner,60,36,married,no_rec,freelance,90,62.0,3000.0,0.0,650,1295
2468,no,6,other,60,20,married,no_rec,fixed,45,130.0,0.0,0.0,1250,1404
2469,no,30,owner,60,64,married,no_rec,fixed,45,120.0,14000.0,0.0,1125,1300
2470,yes,2,rent,60,21,married,no_rec,freelance,70,100.0,2000.0,0.0,1100,1260
2471,no,0,owner,60,61,married,no_rec,others,35,113.0,3000.0,0.0,1300,1726
2472,yes,20,owner,60,54,married,no_rec,freelance,75,0.0,10000.0,0.0,900,1056
2473,no,5,owner,36,53,married,yes_rec,others,35,227.0,8500.0,0.0,1550,1985
2474,no,15,owner,60,44,married,no_rec,freelance,60,42.0,10000.0,0.0,910,1450
2475,yes,0,other,60,31,married,yes_rec,fixed,90,0.0,0.0,0.0,1450,1604
2476,yes,0,rent,60,33,married,no_rec,partime,77,166.0,0.0,0.0,850,984
2477,no,1,rent,48,24,married,no_rec,partime,41,56.0,0.0,0.0,1500,1935
2478,no,12,owner,48,51,married,no_rec,fixed,60,80.0,10000.0,0.0,1600,1661
2479,yes,2,owner,30,32,married,no_rec,fixed,90,74.0,1500.0,0.0,500,650
2480,no,1,owner,12,61,married,no_rec,others,35,58.0,18000.0,0.0,500,1342
2481,yes,11,rent,24,38,married,yes_rec,fixed,72,123.0,0.0,0.0,270,1676
2482,no,20,owner,36,49,married,no_rec,freelance,60,0.0,44000.0,0.0,2220,2220
2483,yes,8,parents,60,49,married,no_rec,freelance,105,43.0,3000.0,0.0,1200,1451
2484,no,8,owner,24,33,married,no_rec,fixed,75,315.0,4500.0,0.0,400,1780
2485,no,0,rent,36,34,single,no_rec,partime,43,78.0,0.0,0.0,1200,1550
2486,yes,0,owner,60,39,married,yes_rec,freelance,45,0.0,10000.0,0.0,1500,1699
2487,no,10,owner,48,36,married,yes_rec,freelance,75,214.0,10000.0,0.0,1143,1143
2488,no,3,owner,60,58,married,no_rec,fixed,75,150.0,5000.0,0.0,1100,2035
2489,yes,1,rent,48,29,widow,no_rec,others,43,80.0,0.0,0.0,1250,1500
2490,no,3,rent,24,32,married,no_rec,fixed,61,160.0,0.0,0.0,400,450
2491,no,7,parents,24,45,single,no_rec,fixed,35,96.0,0.0,0.0,300,600
2492,yes,2,owner,36,50,married,yes_rec,fixed,45,185.0,4000.0,0.0,950,950
2493,yes,1,owner,60,53,married,no_rec,freelance,35,140.0,8000.0,0.0,1600,2222
2494,no,10,rent,36,31,married,no_rec,fixed,90,153.0,0.0,0.0,175,675
2495,no,1,parents,48,27,single,no_rec,freelance,35,85.0,0.0,0.0,650,650
2496,no,15,owner,60,41,married,no_rec,freelance,90,0.0,9000.0,0.0,1500,1923
2497,no,26,owner,60,54,married,no_rec,freelance,60,186.0,80000.0,0.0,1600,2257
2498,no,20,owner,48,53,married,no_rec,fixed,60,135.0,4000.0,0.0,1170,1297
2499,no,3,parents,36,21,single,no_rec,partime,35,49.0,0.0,0.0,750,850
2500,no,18,owner,60,42,married,no_rec,fixed,75,111.0,2500.0,0.0,1150,1640
2501,no,2,parents,24,24,single,no_rec,fixed,35,110.0,0.0,0.0,1000,1589
2502,no,20,rent,36,39,married,no_rec,freelance,92,170.0,12000.0,0.0,950,980
2503,yes,0,owner,6,33,single,yes_rec,partime,45,240.0,4500.0,0.0,675,1146
2504,yes,1,rent,48,26,single,no_rec,fixed,45,100.0,0.0,0.0,1400,1968
2505,no,0,owner,48,43,married,no_rec,partime,75,71.0,14000.0,0.0,1100,1660
2506,no,5,parents,12,41,married,no_rec,freelance,35,0.0,0.0,0.0,900,1925
2507,no,5,parents,60,28,single,no_rec,fixed,35,70.0,0.0,0.0,900,1492
2508,no,1,rent,36,28,single,no_rec,fixed,55,196.0,0.0,0.0,1200,1599
2509,no,1,parents,36,19,single,no_rec,partime,35,43.0,0.0,0.0,425,500
2510,yes,1,other,36,37,married,no_rec,freelance,60,27.0,0.0,0.0,850,1000
2511,yes,4,parents,60,38,separated,no_rec,fixed,35,100.0,0.0,0.0,1300,1500
2512,no,1,owner,60,29,married,no_rec,fixed,45,275.0,6000.0,1810.0,1600,1930
2513,no,2,parents,48,27,married,no_rec,fixed,45,164.0,0.0,0.0,1100,1464
2514,no,1,parents,60,25,single,no_rec,fixed,35,105.0,0.0,0.0,1100,1222
2515,yes,2,priv,24,41,married,yes_rec,freelance,90,19.0,5000.0,0.0,800,1900
2516,no,15,owner,36,58,married,no_rec,freelance,60,159.0,9000.0,0.0,687,687
2517,no,11,priv,60,56,married,yes_rec,fixed,35,100.0,2000.0,200.0,1220,1400
2518,no,11,owner,36,46,married,no_rec,fixed,60,155.0,16500.0,0.0,1000,1800
2519,no,1,owner,36,30,married,no_rec,fixed,45,120.0,3000.0,1100.0,1750,2245
2520,yes,7,parents,36,31,separated,no_rec,fixed,35,197.0,0.0,0.0,1200,1200
2521,no,0,priv,12,28,married,no_rec,fixed,60,130.0,3000.0,2000.0,380,1308
2522,no,13,rent,60,39,divorced,no_rec,fixed,87,120.0,0.0,0.0,1400,1526
2523,no,2,owner,48,50,married,no_rec,fixed,35,86.0,4000.0,0.0,900,1221
2524,yes,5,owner,60,34,married,no_rec,fixed,60,233.0,6000.0,2000.0,1980,2126
2525,no,3,owner,24,30,married,no_rec,freelance,75,133.0,12000.0,900.0,1500,5200
2526,no,4,ignore,60,62,married,no_rec,freelance,35,102.0,8000.0,0.0,1200,1405
2527,no,15,owner,48,33,married,no_rec,fixed,75,150.0,3000.0,0.0,1000,1670
2528,yes,0,parents,36,31,single,no_rec,partime,35,71.0,0.0,0.0,1000,1454
2529,no,2,rent,36,45,single,no_rec,fixed,45,99.0,0.0,0.0,350,555
2530,no,17,rent,48,36,married,no_rec,fixed,56,105.0,0.0,0.0,1000,1295
2531,no,13,owner,36,40,widow,no_rec,fixed,35,109.0,6000.0,3300.0,900,1073
2532,yes,15,rent,60,39,married,no_rec,fixed,90,150.0,0.0,0.0,1450,1450
2533,yes,2,owner,60,26,single,yes_rec,fixed,35,110.0,7000.0,0.0,535,1710
2534,yes,0,other,60,23,single,no_rec,fixed,35,0.0,0.0,0.0,700,969
2535,yes,0,parents,60,24,single,yes_rec,partime,35,86.0,0.0,0.0,1400,1707
2536,no,6,parents,60,30,married,no_rec,fixed,60,72.0,0.0,0.0,200,1083
2537,yes,1,parents,36,22,single,no_rec,partime,35,59.0,0.0,0.0,880,940
2538,no,23,owner,24,57,married,no_rec,fixed,45,93.0,2500.0,0.0,600,1118
2539,no,27,owner,60,50,married,no_rec,fixed,75,135.0,5500.0,1000.0,600,1346
2540,no,12,rent,48,46,married,yes_rec,fixed,104,294.0,0.0,0.0,1350,1352
2541,no,5,owner,24,59,married,no_rec,fixed,35,105.0,18000.0,0.0,1800,1965
2542,no,0,owner,24,39,married,no_rec,others,35,0.0,10000.0,0.0,600,950
2543,no,2,parents,36,20,single,no_rec,freelance,45,0.0,0.0,0.0,1000,1310
2544,no,0,owner,48,31,married,no_rec,fixed,75,178.0,5000.0,0.0,1100,1487
2545,no,1,parents,60,45,married,yes_rec,fixed,60,92.0,6000.0,0.0,1220,1466
2546,no,2,rent,60,28,single,no_rec,fixed,45,101.0,0.0,0.0,1300,1333
2547,yes,0,owner,36,36,married,no_rec,others,45,105.0,5000.0,3000.0,1000,1620
2548,yes,14,owner,48,29,married,no_rec,fixed,75,131.0,4000.0,0.0,980,2981
2549,no,20,rent,48,44,widow,yes_rec,freelance,43,77.0,0.0,0.0,550,1499
2550,no,15,rent,48,40,married,yes_rec,fixed,88,125.0,0.0,0.0,1100,1498
2551,no,6,other,60,25,married,no_rec,fixed,60,98.0,0.0,0.0,600,1131
2552,no,0,rent,60,30,married,no_rec,fixed,64,188.0,0.0,0.0,1400,1475
2553,no,2,rent,48,34,separated,yes_rec,fixed,44,90.0,7000.0,0.0,600,1063
2554,no,7,owner,60,47,married,no_rec,freelance,45,0.0,9000.0,0.0,1500,1661
2555,no,7,owner,36,51,married,no_rec,fixed,75,100.0,12000.0,0.0,1000,1300
2556,no,4,rent,36,45,married,no_rec,fixed,105,154.0,12000.0,0.0,600,2240
2557,yes,10,parents,60,31,married,no_rec,fixed,60,119.0,0.0,0.0,1600,1750
2558,yes,0,parents,60,36,single,no_rec,fixed,35,130.0,0.0,0.0,1600,1678
2559,no,33,other,36,56,married,no_rec,fixed,35,80.0,3500.0,0.0,800,981
2560,yes,4,parents,36,26,single,yes_rec,freelance,35,65.0,3500.0,0.0,1300,1475
2561,yes,0,other,60,36,married,no_rec,partime,45,0.0,0.0,0.0,1400,1409
2562,no,20,owner,36,45,married,no_rec,freelance,75,333.0,5000.0,0.0,1000,2200
2563,yes,1,parents,60,23,single,no_rec,fixed,35,100.0,0.0,0.0,1210,1450
2564,no,4,rent,48,27,married,no_rec,fixed,58,125.0,0.0,0.0,1200,1580
2565,yes,5,rent,36,40,married,yes_rec,freelance,35,0.0,0.0,0.0,1800,2800
2566,no,4,owner,60,33,married,no_rec,fixed,75,123.0,6000.0,1000.0,600,1030
2567,no,19,priv,60,54,married,no_rec,fixed,45,80.0,3500.0,0.0,1300,1534
2568,yes,2,priv,36,32,married,no_rec,fixed,75,80.0,2500.0,0.0,1300,1813
2569,no,15,owner,24,39,married,no_rec,fixed,60,180.0,4500.0,0.0,590,1793
2570,no,9,owner,60,33,married,no_rec,fixed,75,88.0,2500.0,0.0,1000,1386
2571,no,7,rent,24,32,single,no_rec,freelance,67,320.0,0.0,0.0,2000,3400
2572,no,30,rent,60,50,married,no_rec,freelance,68,225.0,10000.0,0.0,1300,1500
2573,yes,13,rent,24,49,married,no_rec,freelance,90,0.0,0.0,0.0,700,800
2574,no,0,owner,60,30,single,no_rec,partime,35,285.0,8000.0,0.0,850,1251
2575,no,12,owner,60,40,married,no_rec,fixed,75,114.0,6000.0,192.0,1330,1935
2576,no,0,parents,48,28,single,no_rec,freelance,35,0.0,0.0,0.0,720,1321
2577,no,0,owner,36,29,married,yes_rec,fixed,45,157.0,8000.0,0.0,600,1314
2578,no,20,other,6,58,married,yes_rec,fixed,45,130.0,0.0,0.0,500,2058
2579,no,5,rent,60,24,married,no_rec,fixed,73,125.0,0.0,0.0,700,1360
2580,no,1,other,36,29,single,no_rec,fixed,35,52.0,0.0,0.0,1000,1152
2581,no,20,owner,60,40,divorced,no_rec,freelance,60,150.0,5500.0,0.0,1400,1928
2582,yes,3,parents,60,23,single,no_rec,fixed,35,63.0,0.0,0.0,800,1258
2583,no,1,parents,60,22,single,no_rec,fixed,35,110.0,3500.0,0.0,1300,1517
2584,yes,3,rent,60,30,married,no_rec,freelance,45,0.0,0.0,0.0,1150,1395
2585,no,2,owner,60,36,married,no_rec,fixed,60,190.0,4500.0,1200.0,1575,1611
2586,no,1,parents,60,20,single,no_rec,fixed,35,65.0,0.0,0.0,1000,1479
2587,yes,0,parents,60,24,single,no_rec,fixed,35,53.0,0.0,0.0,1200,1497
2588,no,7,priv,36,24,single,no_rec,freelance,35,131.0,7500.0,0.0,1350,1406
2589,no,4,rent,60,24,married,no_rec,fixed,50,151.0,0.0,0.0,900,1155
2590,no,3,rent,48,33,married,no_rec,freelance,89,291.0,0.0,0.0,900,1041
2591,no,6,rent,60,23,married,no_rec,fixed,62,171.0,0.0,0.0,1000,1209
2592,no,3,parents,60,22,single,no_rec,fixed,35,80.0,0.0,0.0,1000,1500
2593,yes,1,owner,48,24,married,no_rec,partime,45,59.0,3000.0,1600.0,500,500
2594,no,32,owner,48,46,married,no_rec,fixed,45,150.0,8000.0,0.0,1000,1093
2595,no,20,rent,60,45,married,no_rec,fixed,92,170.0,0.0,0.0,1000,2415
2596,no,15,owner,36,35,married,no_rec,fixed,60,146.0,3500.0,0.0,1600,2122
2597,no,3,owner,12,28,married,no_rec,fixed,35,120.0,8000.0,0.0,1000,2997
2598,no,16,other,30,44,married,no_rec,freelance,35,107.0,8000.0,0.0,1300,1634
2599,yes,15,rent,60,36,married,yes_rec,freelance,97,65.0,0.0,0.0,1000,1168
2600,no,2,owner,48,33,married,no_rec,fixed,75,100.0,6500.0,2000.0,1000,1234
2601,no,7,rent,48,59,married,no_rec,fixed,83,233.0,3000.0,0.0,1250,1525
2602,no,2,owner,36,43,married,yes_rec,freelance,90,180.0,8000.0,560.0,700,1300
2603,no,12,owner,36,64,single,yes_rec,freelance,60,341.0,4500.0,0.0,900,900
2604,yes,0,other,60,27,married,yes_rec,fixed,75,0.0,0.0,0.0,1600,1786
2605,no,5,rent,48,48,married,yes_rec,fixed,46,110.0,0.0,0.0,600,1100
2606,no,1,parents,12,22,single,no_rec,partime,35,60.0,0.0,0.0,100,600
2607,yes,2,rent,36,31,married,no_rec,fixed,45,102.0,0.0,0.0,350,750
2608,no,10,parents,48,28,single,no_rec,fixed,35,135.0,6000.0,0.0,1500,2164
2609,no,5,parents,24,35,married,yes_rec,fixed,35,189.0,3000.0,0.0,800,1828
2610,no,38,rent,60,57,married,no_rec,fixed,56,210.0,0.0,0.0,1350,1520
2611,no,5,owner,36,38,married,no_rec,freelance,60,63.0,4000.0,0.0,1050,1443
2612,no,24,other,60,40,married,no_rec,fixed,45,115.0,0.0,0.0,1250,1461
2613,yes,2,owner,36,54,single,yes_rec,fixed,35,352.0,30000.0,0.0,750,1061
2614,yes,0,parents,36,24,single,no_rec,partime,35,100.0,0.0,0.0,1000,2000
2615,no,2,parents,60,28,single,no_rec,fixed,35,220.0,0.0,0.0,1600,1739
2616,yes,2,owner,60,33,married,no_rec,partime,45,77.0,2500.0,0.0,1000,1197
2617,no,4,owner,36,36,married,no_rec,fixed,45,75.0,4000.0,0.0,800,800
2618,no,0,owner,60,26,married,no_rec,fixed,45,150.0,3500.0,0.0,1310,1464
2619,no,1,owner,48,29,married,no_rec,fixed,45,130.0,4000.0,0.0,1000,1777
2620,no,6,rent,60,29,single,no_rec,fixed,45,95.0,2500.0,0.0,1250,1490
2621,yes,1,owner,60,27,married,yes_rec,fixed,45,62.0,7000.0,4500.0,1650,2060
2622,no,2,rent,36,31,married,no_rec,freelance,46,111.0,0.0,0.0,1000,1800
2623,yes,2,owner,60,31,separated,no_rec,fixed,35,63.0,2000.0,0.0,1000,1342
2624,no,25,priv,60,58,married,no_rec,fixed,35,164.0,5000.0,1000.0,1500,2000
2625,no,20,owner,60,49,married,no_rec,freelance,90,215.0,4500.0,0.0,1000,1228
2626,no,7,owner,60,34,separated,no_rec,fixed,35,96.0,8000.0,0.0,850,1213
2627,no,1,rent,60,21,single,no_rec,fixed,49,138.0,0.0,0.0,950,984
2628,no,5,owner,60,37,married,no_rec,freelance,60,67.0,3500.0,196.0,1300,1625
2629,no,14,rent,60,30,married,yes_rec,fixed,67,217.0,0.0,0.0,1800,1807
2630,no,12,rent,36,35,married,yes_rec,freelance,82,74.0,8000.0,0.0,475,550
2631,no,18,parents,60,33,single,yes_rec,fixed,35,425.0,0.0,0.0,900,1320
2632,no,1,parents,48,23,single,no_rec,partime,35,103.0,0.0,0.0,820,1323
2633,no,16,other,60,34,married,no_rec,fixed,60,120.0,6000.0,0.0,1350,1487
2634,yes,0,owner,60,26,married,no_rec,partime,75,90.0,4000.0,2880.0,2000,2200
2635,no,0,parents,60,39,married,no_rec,freelance,45,0.0,0.0,0.0,1300,1796
2636,no,1,parents,36,24,single,no_rec,fixed,35,60.0,0.0,0.0,1000,1602
2637,no,4,rent,48,32,married,no_rec,fixed,56,110.0,0.0,0.0,800,1626
2638,no,35,other,60,54,married,no_rec,fixed,75,156.0,0.0,0.0,950,1164
2639,yes,2,parents,60,25,divorced,no_rec,partime,35,90.0,0.0,0.0,900,1111
2640,yes,1,parents,60,20,single,no_rec,partime,35,80.0,0.0,0.0,1300,1525
2641,yes,1,parents,48,21,single,no_rec,partime,35,60.0,0.0,0.0,1350,1601
2642,no,11,owner,36,34,married,no_rec,fixed,60,180.0,23000.0,0.0,400,1084
2643,no,15,parents,60,42,married,no_rec,freelance,60,0.0,0.0,0.0,1100,1100
2644,yes,2,rent,36,29,married,no_rec,fixed,85,100.0,0.0,0.0,2100,2300
2645,no,7,owner,36,33,married,no_rec,fixed,45,208.0,4000.0,0.0,500,1288
2646,yes,0,other,48,45,married,yes_rec,fixed,45,0.0,0.0,0.0,1000,1135
2647,no,3,parents,60,28,single,no_rec,fixed,35,187.0,0.0,0.0,700,873
2648,no,20,owner,48,50,married,no_rec,freelance,60,142.0,5000.0,0.0,650,1177
2649,no,25,priv,60,49,married,no_rec,fixed,35,165.0,5000.0,0.0,1720,2084
2650,no,1,owner,36,24,married,no_rec,fixed,45,113.0,3500.0,0.0,1200,1702
2651,no,5,parents,36,50,married,no_rec,others,90,154.0,0.0,0.0,1000,1279
2652,no,6,owner,60,29,married,no_rec,fixed,60,125.0,5000.0,0.0,1500,1531
2653,no,1,rent,48,28,married,no_rec,freelance,75,0.0,0.0,0.0,400,1415
2654,yes,0,rent,36,36,married,no_rec,partime,84,240.0,0.0,0.0,1050,1342
2655,yes,2,owner,36,20,single,no_rec,freelance,35,0.0,80000.0,30000.0,750,1350
2656,no,0,owner,18,26,single,no_rec,others,35,85.0,7500.0,2600.0,600,1290
2657,yes,1,rent,36,22,single,no_rec,fixed,46,110.0,0.0,0.0,900,950
2658,yes,1,parents,36,22,single,no_rec,fixed,35,80.0,8000.0,0.0,490,690
2659,no,16,owner,48,36,married,no_rec,fixed,75,108.0,4000.0,0.0,500,1064
2660,no,1,owner,60,27,married,no_rec,fixed,35,90.0,2000.0,0.0,1150,1470
2661,yes,9,other,60,30,married,yes_rec,fixed,60,109.0,0.0,0.0,1250,1560
2662,no,1,parents,48,22,married,no_rec,fixed,45,117.0,0.0,0.0,768,896
2663,yes,14,priv,18,28,married,no_rec,fixed,45,68.0,3000.0,0.0,200,400
2664,yes,2,owner,36,55,married,no_rec,fixed,35,87.0,10000.0,0.0,1150,2000
2665,no,14,owner,18,48,married,no_rec,fixed,35,143.0,4000.0,0.0,250,300
2666,no,6,parents,60,31,married,yes_rec,fixed,45,94.0,0.0,0.0,500,1418
2667,no,10,rent,48,33,married,no_rec,fixed,100,103.0,0.0,0.0,950,1541
2668,no,10,rent,48,56,married,no_rec,freelance,86,112.0,0.0,0.0,1000,1000
2669,no,8,parents,60,33,married,no_rec,freelance,75,160.0,0.0,0.0,1200,1506
2670,no,10,owner,48,42,married,no_rec,freelance,105,230.0,30000.0,5000.0,1200,1570
2671,no,0,parents,48,21,single,yes_rec,fixed,35,140.0,0.0,0.0,1350,1566
2672,no,11,owner,30,27,married,no_rec,fixed,45,70.0,3500.0,0.0,1200,1531
2673,yes,1,parents,36,26,single,yes_rec,partime,35,335.0,0.0,0.0,600,700
2674,no,10,owner,54,47,married,no_rec,fixed,60,105.0,3000.0,0.0,850,911
2675,no,0,owner,42,65,married,no_rec,others,45,77.0,4000.0,2000.0,750,1194
2676,no,25,owner,60,63,married,yes_rec,freelance,60,60.0,47500.0,3360.0,1000,1162
2677,yes,0,rent,48,54,married,no_rec,freelance,135,0.0,0.0,0.0,2000,2476
2678,no,10,owner,24,45,separated,no_rec,fixed,35,77.0,14000.0,0.0,200,300
2679,no,3,owner,60,32,married,no_rec,fixed,45,90.0,6000.0,0.0,1500,2502
2680,no,4,owner,60,27,married,no_rec,freelance,60,225.0,14500.0,1200.0,700,2273
2681,no,20,owner,60,40,married,no_rec,fixed,45,240.0,8000.0,0.0,900,950
2682,no,16,rent,48,32,single,yes_rec,fixed,47,120.0,0.0,0.0,800,1224
2683,no,6,owner,30,45,married,no_rec,fixed,90,125.0,3000.0,0.0,1050,1559
2684,yes,2,priv,60,28,married,no_rec,fixed,35,165.0,3000.0,0.0,500,1650
2685,no,10,rent,30,48,married,no_rec,fixed,74,139.0,5000.0,0.0,300,420
2686,no,20,owner,48,58,married,no_rec,freelance,60,380.0,35000.0,0.0,1100,1150
2687,yes,1,parents,30,23,single,no_rec,freelance,35,60.0,0.0,0.0,800,1452
2688,no,10,owner,48,28,married,yes_rec,partime,60,120.0,2500.0,1500.0,600,875
2689,no,0,owner,48,66,married,no_rec,others,35,45.0,5500.0,0.0,1250,1267
2690,yes,1,rent,48,58,married,no_rec,freelance,108,180.0,12000.0,8000.0,1000,1668
2691,yes,4,parents,36,27,separated,yes_rec,fixed,35,110.0,0.0,0.0,300,550
2692,yes,0,other,48,26,married,no_rec,others,45,0.0,3500.0,0.0,1400,1463
2693,yes,1,parents,48,23,single,no_rec,fixed,35,165.0,0.0,0.0,1300,1440
2694,no,26,rent,60,50,married,no_rec,fixed,85,250.0,0.0,0.0,1000,1297
2695,no,6,rent,36,33,married,no_rec,fixed,108,183.0,0.0,0.0,950,1705
2696,no,3,owner,60,30,separated,no_rec,fixed,60,157.0,15000.0,0.0,1000,2010
2697,no,10,owner,36,34,married,no_rec,fixed,90,159.0,3000.0,250.0,300,500
2698,yes,3,rent,60,34,married,no_rec,freelance,45,0.0,0.0,0.0,1000,1625
2699,no,13,rent,60,34,married,no_rec,fixed,65,199.0,0.0,0.0,1550,2100
2700,yes,0,rent,60,25,married,yes_rec,fixed,69,235.0,0.0,0.0,1400,1650
2701,no,8,rent,48,33,married,no_rec,fixed,73,125.0,0.0,0.0,944,1054
2702,no,10,owner,60,39,married,yes_rec,fixed,90,195.0,12000.0,0.0,1500,2659
2703,no,10,owner,60,37,married,yes_rec,freelance,60,107.0,20000.0,600.0,1000,1175
2704,no,1,owner,60,28,married,yes_rec,fixed,35,72.0,6000.0,0.0,1150,2100
2705,no,4,owner,36,42,married,yes_rec,freelance,75,400.0,12000.0,0.0,1500,1900
2706,no,2,parents,36,21,single,no_rec,partime,35,105.0,0.0,0.0,300,495
2707,no,17,owner,60,35,married,no_rec,fixed,60,125.0,4000.0,0.0,1080,1428
2708,no,20,owner,48,55,married,no_rec,fixed,45,185.0,5000.0,0.0,1000,1383
2709,no,3,rent,36,45,married,no_rec,freelance,61,155.0,10000.0,0.0,1000,1500
2710,no,1,rent,36,37,married,no_rec,freelance,90,0.0,0.0,0.0,850,998
2711,no,0,parents,42,21,single,no_rec,fixed,35,75.0,0.0,0.0,900,1141
2712,no,10,rent,60,49,married,no_rec,fixed,54,93.0,0.0,0.0,450,1298
2713,yes,10,priv,48,37,married,no_rec,fixed,60,150.0,1000.0,0.0,1200,1350
2714,yes,3,owner,60,39,married,no_rec,fixed,90,150.0,5000.0,0.0,850,996
2715,no,25,owner,60,51,married,no_rec,fixed,60,222.0,7000.0,0.0,1300,1400
2716,no,19,rent,60,41,married,no_rec,fixed,88,125.0,0.0,0.0,1450,1564
2717,yes,0,owner,24,37,married,no_rec,partime,60,90.0,3500.0,0.0,500,963
2718,yes,2,owner,60,30,married,yes_rec,freelance,45,0.0,5000.0,700.0,1000,2200
2719,yes,2,parents,48,27,separated,no_rec,partime,35,125.0,0.0,0.0,870,1480
2720,yes,0,owner,60,44,married,no_rec,others,60,0.0,25000.0,0.0,850,972
2721,yes,0,rent,48,21,single,no_rec,partime,50,148.0,0.0,0.0,1500,1575
2722,no,2,parents,6,31,single,no_rec,fixed,35,70.0,0.0,0.0,850,1403
2723,no,12,owner,60,28,married,yes_rec,fixed,75,110.0,3500.0,1394.0,900,1082
2724,yes,1,owner,60,45,married,no_rec,partime,105,112.0,2000.0,500.0,600,1332
2725,no,31,owner,48,56,married,no_rec,fixed,35,144.0,3000.0,0.0,850,928
2726,no,5,parents,36,21,single,no_rec,fixed,35,150.0,0.0,0.0,1000,1313
2727,no,9,owner,48,49,married,no_rec,fixed,60,149.0,12000.0,0.0,700,1975
2728,no,17,rent,60,52,married,no_rec,fixed,65,200.0,0.0,0.0,1400,1407
2729,no,2,rent,48,33,single,no_rec,partime,41,57.0,0.0,0.0,1230,1515
2730,yes,0,rent,48,46,married,no_rec,partime,72,116.0,0.0,0.0,860,965
2731,no,0,owner,36,37,married,no_rec,freelance,60,0.0,15000.0,0.0,400,750
2732,no,3,rent,60,25,married,no_rec,fixed,60,150.0,0.0,0.0,700,1030
2733,no,5,rent,36,33,married,no_rec,partime,52,73.0,0.0,0.0,400,750
2734,no,15,owner,36,43,married,no_rec,fixed,75,251.0,4000.0,0.0,1800,2557
2735,no,10,owner,12,56,widow,no_rec,others,35,214.0,53500.0,0.0,1150,1300
2736,no,8,owner,60,28,married,no_rec,fixed,75,180.0,4000.0,0.0,1300,1730
2737,yes,1,owner,60,42,married,yes_rec,fixed,105,198.0,3500.0,250.0,1000,1245
2738,no,7,rent,60,33,married,no_rec,fixed,84,240.0,0.0,0.0,1000,1928
2739,yes,1,owner,60,43,married,no_rec,partime,75,147.0,6000.0,2000.0,750,1256
2740,no,5,owner,36,66,married,no_rec,others,35,178.0,15000.0,0.0,330,837
2741,yes,0,rent,60,25,single,no_rec,partime,40,50.0,0.0,0.0,1040,1048
2742,no,25,owner,60,50,married,yes_rec,freelance,75,314.0,10000.0,0.0,1350,1417
2743,yes,0,owner,36,32,married,no_rec,others,75,74.0,4000.0,0.0,500,1104
2744,no,6,owner,36,38,married,no_rec,freelance,90,130.0,7000.0,300.0,800,960
2745,no,20,rent,48,46,married,no_rec,fixed,98,230.0,0.0,0.0,650,900
2746,no,3,owner,48,48,married,no_rec,freelance,45,100.0,4000.0,0.0,1600,2600
2747,no,4,owner,12,25,married,no_rec,fixed,45,65.0,2000.0,0.0,350,1571
2748,no,28,parents,24,44,married,no_rec,freelance,90,180.0,0.0,0.0,450,1472
2749,no,2,priv,60,21,single,no_rec,freelance,35,170.0,4000.0,0.0,1000,1522
2750,no,15,other,60,50,married,no_rec,fixed,35,92.0,6000.0,0.0,900,982
2751,no,10,owner,60,43,married,no_rec,fixed,75,188.0,5000.0,0.0,1000,1264
2752,no,3,owner,24,29,married,no_rec,fixed,45,254.0,6000.0,800.0,500,1900
2753,no,5,priv,60,23,single,no_rec,fixed,35,181.0,2000.0,0.0,1400,1643
2754,no,10,owner,60,33,single,no_rec,fixed,45,219.0,4000.0,0.0,950,1104
2755,yes,13,other,48,37,married,no_rec,fixed,60,98.0,0.0,0.0,950,1365
2756,yes,17,priv,60,48,married,yes_rec,freelance,60,69.0,7000.0,0.0,1400,1813
2757,yes,2,owner,60,29,married,yes_rec,fixed,60,80.0,4000.0,0.0,1000,1248
2758,no,27,owner,12,45,married,no_rec,fixed,60,142.0,5000.0,0.0,400,985
2759,no,17,owner,48,42,married,no_rec,fixed,90,450.0,8000.0,1800.0,1000,3313
2760,no,0,parents,36,25,single,no_rec,fixed,35,440.0,0.0,0.0,550,1546
2761,no,10,owner,24,47,married,no_rec,freelance,135,150.0,4500.0,0.0,350,1097
2762,no,20,owner,12,49,married,no_rec,fixed,90,110.0,15000.0,0.0,125,325
2763,yes,9,parents,60,31,single,yes_rec,fixed,35,92.0,0.0,0.0,1000,1161
2764,no,2,rent,60,40,married,no_rec,fixed,60,145.0,500.0,0.0,1550,1621
2765,no,13,parents,48,31,married,no_rec,fixed,75,80.0,0.0,0.0,1000,1575
2766,no,8,owner,60,42,single,no_rec,fixed,35,96.0,2500.0,0.0,1500,1520
2767,no,20,rent,60,44,married,no_rec,fixed,91,162.0,3000.0,0.0,1500,1519
2768,yes,0,other,60,25,married,no_rec,partime,60,60.0,0.0,0.0,1300,1380
2769,no,4,owner,60,32,married,no_rec,freelance,60,0.0,6000.0,0.0,1100,1296
2770,no,20,owner,60,51,married,no_rec,fixed,45,107.0,2000.0,0.0,1000,1536
2771,no,0,owner,36,65,married,no_rec,others,45,75.0,5000.0,0.0,400,935
2772,no,1,parents,60,27,single,no_rec,fixed,35,180.0,0.0,0.0,1000,1067
2773,yes,0,rent,60,38,married,yes_rec,partime,75,0.0,0.0,0.0,1000,1235
2774,no,4,owner,48,36,married,no_rec,fixed,75,210.0,4000.0,0.0,1800,2628
2775,yes,1,rent,60,24,married,no_rec,fixed,52,70.0,0.0,0.0,1200,1360
2776,no,0,parents,48,26,single,no_rec,fixed,35,75.0,0.0,0.0,850,1400
2777,no,8,rent,60,56,married,no_rec,fixed,62,266.0,5000.0,0.0,1000,1149
2778,yes,16,owner,60,42,married,no_rec,fixed,75,81.0,3500.0,0.0,870,873
2779,no,32,rent,36,52,married,no_rec,fixed,63,180.0,0.0,0.0,1100,1489
2780,no,25,owner,48,48,married,yes_rec,fixed,35,202.0,4000.0,0.0,800,1800
2781,no,26,owner,36,44,married,no_rec,fixed,75,108.0,6000.0,0.0,1606,2605
2782,no,10,owner,36,43,married,no_rec,freelance,75,292.0,8000.0,0.0,1800,2240
2783,no,3,owner,60,43,married,no_rec,freelance,45,174.0,9000.0,1692.0,1900,2374
2784,yes,1,rent,60,22,single,no_rec,fixed,46,113.0,0.0,0.0,1600,1989
2785,no,2,rent,60,36,married,no_rec,fixed,58,129.0,0.0,0.0,1125,1575
2786,yes,0,rent,60,48,separated,yes_rec,freelance,35,0.0,25300.0,15500.0,1200,1257
2787,no,4,other,36,27,single,no_rec,freelance,35,41.0,0.0,0.0,200,795
2788,no,4,owner,60,64,single,no_rec,others,35,150.0,9000.0,0.0,984,1054
2789,no,15,parents,60,51,married,yes_rec,fixed,60,100.0,0.0,0.0,300,1742
2790,no,4,owner,36,26,married,no_rec,fixed,35,100.0,6500.0,3900.0,500,500
2791,no,4,parents,24,23,single,no_rec,fixed,35,78.0,3000.0,0.0,500,1346
2792,yes,0,rent,60,33,married,no_rec,freelance,85,100.0,0.0,0.0,1150,1760
2793,yes,3,rent,60,31,married,no_rec,fixed,101,110.0,0.0,0.0,1150,1152
2794,no,10,rent,48,26,single,no_rec,fixed,52,169.0,2000.0,0.0,1000,1242
2795,no,5,parents,60,45,married,yes_rec,fixed,35,176.0,0.0,0.0,1000,1388
2796,yes,1,parents,60,24,single,no_rec,fixed,35,70.0,0.0,0.0,1750,1750
2797,no,11,rent,24,27,married,no_rec,partime,72,120.0,0.0,0.0,900,1395
2798,no,9,rent,60,43,married,no_rec,fixed,88,280.0,0.0,0.0,850,863
2799,no,9,owner,18,52,married,no_rec,fixed,60,154.0,5500.0,0.0,500,1531
2800,no,1,owner,60,25,married,no_rec,freelance,60,150.0,10000.0,2000.0,1000,1260
2801,yes,0,owner,36,42,married,no_rec,freelance,60,0.0,5000.0,0.0,1350,1850
2802,no,15,owner,36,42,single,no_rec,fixed,35,90.0,5000.0,3000.0,1000,1243
2803,no,25,owner,36,54,married,yes_rec,freelance,45,285.0,7000.0,0.0,900,1383
2804,yes,19,owner,60,37,single,yes_rec,fixed,35,115.0,10000.0,6000.0,1500,1758
2805,no,7,parents,60,25,single,no_rec,fixed,35,58.0,28000.0,0.0,1100,1338
2806,no,8,priv,36,39,married,no_rec,fixed,60,135.0,4000.0,1500.0,1300,1504
2807,no,32,owner,60,53,married,no_rec,fixed,60,157.0,5000.0,0.0,2000,2014
2808,no,15,owner,48,32,married,no_rec,fixed,60,140.0,3500.0,0.0,795,1458
2809,no,1,owner,60,28,married,yes_rec,fixed,60,150.0,3500.0,270.0,1000,1119
2810,no,10,owner,60,50,married,no_rec,fixed,75,209.0,13500.0,0.0,1450,1786
2811,yes,1,rent,60,31,divorced,yes_rec,partime,39,42.0,0.0,0.0,1200,1265
2812,yes,6,rent,60,47,married,yes_rec,freelance,45,0.0,3000.0,0.0,1000,1000
2813,no,25,rent,24,45,separated,no_rec,freelance,53,183.0,93000.0,0.0,1900,3088
2814,no,4,rent,48,39,married,no_rec,fixed,91,157.0,0.0,0.0,1300,1501
2815,no,7,owner,36,24,married,no_rec,fixed,60,112.0,3500.0,0.0,1100,1460
2816,no,13,rent,60,41,single,no_rec,fixed,45,95.0,0.0,0.0,940,1379
2817,yes,3,owner,48,38,married,yes_rec,fixed,45,125.0,5000.0,0.0,1285,1311
2818,no,0,owner,36,42,married,no_rec,fixed,105,75.0,10000.0,0.0,400,725
2819,no,3,rent,36,27,married,no_rec,fixed,68,80.0,0.0,0.0,325,400
2820,no,10,rent,60,28,single,no_rec,fixed,47,120.0,0.0,0.0,600,1054
2821,no,0,other,36,31,married,no_rec,fixed,75,144.0,0.0,0.0,450,500
2822,no,12,owner,60,39,single,yes_rec,fixed,35,125.0,4000.0,0.0,1000,1516
2823,yes,0,owner,36,34,married,no_rec,partime,75,80.0,4500.0,300.0,600,1339
2824,yes,2,rent,60,41,married,no_rec,freelance,44,90.0,0.0,0.0,1800,2213
2825,no,3,rent,36,20,single,no_rec,partime,58,225.0,0.0,0.0,1500,2050
2826,no,3,parents,60,23,single,no_rec,freelance,35,110.0,8000.0,2000.0,1550,1750
2827,no,12,owner,48,35,married,no_rec,fixed,60,90.0,4500.0,0.0,900,1097
2828,no,0,parents,60,19,single,no_rec,others,75,200.0,3000.0,0.0,1800,2091
2829,no,11,owner,60,34,single,no_rec,fixed,35,103.0,4500.0,2000.0,1200,1410
2830,no,8,rent,36,61,single,no_rec,fixed,42,72.0,0.0,0.0,325,450
2831,no,0,parents,24,21,single,no_rec,fixed,35,160.0,0.0,0.0,900,1681
2832,no,5,other,36,54,married,no_rec,fixed,45,300.0,0.0,0.0,800,1180
2833,yes,0,other,60,34,married,yes_rec,fixed,60,0.0,0.0,0.0,1700,2329
2834,no,14,other,60,41,married,yes_rec,fixed,75,131.0,0.0,0.0,1200,1200
2835,no,8,rent,36,51,married,yes_rec,freelance,60,0.0,0.0,0.0,400,600
2836,no,5,owner,24,38,married,no_rec,freelance,60,182.0,5000.0,0.0,1250,2724
2837,no,2,parents,60,48,married,yes_rec,fixed,45,106.0,1500.0,0.0,1000,1253
2838,no,5,rent,48,34,divorced,no_rec,freelance,57,120.0,9000.0,0.0,950,1290
2839,yes,0,owner,48,28,married,no_rec,partime,60,155.0,4500.0,1641.0,800,1376
2840,no,12,other,60,48,married,no_rec,partime,35,108.0,0.0,0.0,1200,1579
2841,no,10,owner,60,30,married,yes_rec,fixed,60,242.0,7500.0,0.0,1550,1904
2842,no,6,priv,48,35,married,no_rec,fixed,45,125.0,3500.0,1125.0,700,1226
2843,no,1,parents,48,40,married,no_rec,fixed,75,121.0,0.0,0.0,1320,1600
2844,no,1,owner,60,49,widow,no_rec,freelance,35,233.0,15900.0,4500.0,2100,2104
2845,no,5,rent,48,26,separated,no_rec,fixed,53,178.0,0.0,0.0,1200,2279
2846,no,20,owner,30,55,married,no_rec,freelance,75,0.0,25000.0,0.0,1100,1930
2847,no,30,owner,36,56,married,no_rec,fixed,60,150.0,2000.0,0.0,400,450
2848,no,6,rent,60,23,married,no_rec,fixed,48,134.0,0.0,0.0,1000,1064
2849,yes,2,parents,60,34,single,yes_rec,partime,35,103.0,0.0,0.0,1250,1293
2850,no,12,owner,60,39,married,no_rec,fixed,45,167.0,6000.0,0.0,1435,1875
2851,no,6,rent,60,31,single,no_rec,fixed,43,82.0,0.0,0.0,800,946
2852,no,5,parents,48,53,married,no_rec,fixed,60,50.0,0.0,0.0,650,869
2853,no,14,owner,12,37,married,no_rec,freelance,90,500.0,4000.0,0.0,500,1338
2854,no,25,owner,60,62,married,no_rec,freelance,60,428.0,22000.0,0.0,1900,1994
2855,no,9,parents,36,28,single,no_rec,fixed,35,65.0,0.0,0.0,600,1446
2856,no,6,owner,60,28,married,no_rec,freelance,60,125.0,0.0,0.0,800,1700
2857,yes,4,rent,48,29,married,yes_rec,fixed,42,73.0,0.0,0.0,579,1097
2858,no,16,parents,60,31,married,no_rec,fixed,45,160.0,0.0,0.0,1400,1850
2859,yes,15,rent,24,47,married,yes_rec,freelance,79,41.0,7000.0,0.0,1200,2257
2860,no,4,owner,60,24,married,no_rec,freelance,60,250.0,9000.0,3400.0,1250,1300
2861,no,0,owner,48,22,single,no_rec,fixed,35,152.0,4000.0,0.0,1210,1325
2862,no,15,owner,48,30,married,no_rec,freelance,75,100.0,27000.0,5000.0,900,900
2863,yes,0,owner,60,41,married,no_rec,partime,45,40.0,4500.0,80.0,800,825
2864,no,10,owner,36,50,married,no_rec,freelance,75,0.0,7500.0,0.0,1000,1230
2865,no,13,owner,48,54,married,yes_rec,fixed,45,90.0,2500.0,0.0,1000,1198
2866,yes,3,owner,60,53,married,no_rec,fixed,45,98.0,3500.0,0.0,1350,1453
2867,yes,1,rent,36,37,married,no_rec,partime,75,145.0,0.0,0.0,1100,1871
2868,no,3,parents,60,25,single,no_rec,fixed,35,130.0,6000.0,0.0,625,1083
2869,no,14,priv,60,36,married,no_rec,fixed,60,120.0,4000.0,1500.0,1500,1540
2870,no,6,owner,60,28,married,no_rec,fixed,60,102.0,5000.0,0.0,700,1355
2871,yes,5,priv,72,29,married,no_rec,fixed,45,92.0,1500.0,850.0,1450,1516
2872,no,8,owner,36,53,married,no_rec,fixed,45,254.0,6000.0,0.0,350,575
2873,no,12,owner,48,46,married,no_rec,fixed,60,130.0,6000.0,0.0,1480,1883
2874,no,13,parents,36,34,single,no_rec,fixed,35,90.0,0.0,0.0,500,1014
2875,no,14,parents,60,31,married,no_rec,fixed,35,100.0,0.0,0.0,1500,1500
2876,no,3,rent,48,35,separated,no_rec,fixed,59,240.0,0.0,0.0,1300,1627
2877,yes,6,owner,36,32,married,yes_rec,freelance,60,149.0,8000.0,3000.0,950,950
2878,yes,16,parents,60,35,separated,no_rec,fixed,35,105.0,0.0,0.0,800,1084
2879,yes,0,owner,60,34,married,yes_rec,others,45,95.0,10000.0,360.0,1350,1766
2880,yes,5,rent,60,37,married,no_rec,fixed,77,318.0,5000.0,0.0,1750,2953
2881,no,20,owner,36,47,married,no_rec,fixed,75,203.0,4000.0,0.0,1050,1258
2882,no,1,owner,60,33,married,no_rec,freelance,75,122.0,3500.0,2900.0,1400,1803
2883,no,2,parents,60,24,single,no_rec,freelance,35,214.0,7000.0,2400.0,2000,2570
2884,no,1,parents,60,20,married,no_rec,partime,35,90.0,0.0,0.0,1370,1499
2885,no,1,owner,60,49,married,no_rec,partime,60,115.0,4000.0,0.0,1870,2622
2886,yes,1,rent,36,44,separated,no_rec,others,55,100.0,0.0,0.0,675,675
2887,no,0,owner,36,25,married,no_rec,fixed,45,121.0,3144.0,1751.0,225,375
2888,no,2,owner,36,58,widow,no_rec,others,35,52.0,4000.0,0.0,400,550
2889,no,6,parents,60,43,married,no_rec,freelance,75,70.0,4000.0,0.0,1000,1548
2890,no,1,owner,36,41,married,no_rec,fixed,75,400.0,5500.0,0.0,1800,2600
2891,yes,3,rent,36,33,separated,yes_rec,freelance,45,0.0,0.0,0.0,375,870
2892,no,5,owner,36,51,married,no_rec,freelance,75,200.0,2100.0,1200.0,900,1015
2893,no,8,rent,60,34,married,no_rec,partime,81,60.0,0.0,0.0,600,1400
2894,no,1,owner,60,47,married,no_rec,fixed,75,78.0,4000.0,0.0,1500,1711
2895,no,13,parents,48,31,married,no_rec,fixed,35,90.0,0.0,0.0,1000,1395
2896,yes,1,rent,36,27,single,no_rec,fixed,42,67.0,0.0,0.0,1000,1350
2897,no,12,owner,48,27,married,yes_rec,fixed,45,110.0,5000.0,1300.0,450,1636
2898,no,21,owner,48,53,married,no_rec,fixed,35,110.0,3000.0,0.0,1000,1674
2899,no,10,parents,36,37,single,yes_rec,fixed,35,150.0,0.0,0.0,1000,2484
2900,no,6,rent,36,26,married,no_rec,fixed,47,120.0,0.0,0.0,1250,1657
2901,no,25,owner,36,46,married,no_rec,fixed,90,145.0,12000.0,0.0,1100,2400
2902,no,0,rent,36,26,married,no_rec,partime,72,118.0,1000.0,0.0,600,1421
2903,no,1,parents,60,29,married,no_rec,fixed,75,105.0,10000.0,0.0,700,1610
2904,no,18,priv,36,45,married,no_rec,fixed,45,220.0,20000.0,0.0,800,1600
2905,no,4,rent,12,21,single,no_rec,fixed,52,70.0,0.0,0.0,400,700
2906,yes,0,parents,48,25,single,no_rec,freelance,45,145.0,7000.0,0.0,1700,2173
2907,yes,2,owner,60,31,married,no_rec,fixed,45,55.0,4000.0,800.0,700,1250
2908,no,14,rent,36,49,married,no_rec,fixed,70,103.0,0.0,0.0,500,1017
2909,no,10,owner,60,46,widow,no_rec,freelance,45,123.0,3500.0,0.0,1100,1375
2910,no,9,priv,60,32,married,no_rec,fixed,60,155.0,12000.0,5000.0,1200,1400
2911,no,14,owner,60,49,married,no_rec,freelance,60,103.0,36000.0,0.0,1300,1648
2912,no,3,owner,48,28,married,no_rec,fixed,35,177.0,4000.0,3000.0,1150,1638
2913,no,8,owner,60,40,married,no_rec,fixed,75,110.0,3000.0,0.0,950,1286
2914,no,2,parents,48,28,single,no_rec,fixed,35,79.0,0.0,0.0,650,1379
2915,yes,0,rent,60,28,married,no_rec,fixed,53,75.0,0.0,0.0,1100,1168
2916,no,10,owner,24,63,married,no_rec,freelance,60,107.0,17000.0,0.0,800,1472
2917,no,9,rent,60,37,married,no_rec,fixed,91,162.0,0.0,0.0,1000,1537
2918,no,4,owner,48,30,married,no_rec,fixed,60,167.0,3500.0,1000.0,800,1350
2919,yes,1,rent,36,46,married,no_rec,partime,82,72.0,0.0,0.0,850,1418
2920,yes,1,parents,48,28,single,no_rec,fixed,35,83.0,0.0,0.0,1000,1320
2921,no,1,owner,48,42,separated,no_rec,freelance,75,310.0,3500.0,0.0,1300,1700
2922,no,10,parents,24,29,single,no_rec,freelance,35,90.0,0.0,0.0,600,1528
2923,yes,5,owner,48,40,married,yes_rec,fixed,35,87.0,5000.0,0.0,600,1258
2924,yes,1,rent,48,35,married,no_rec,fixed,81,55.0,1500.0,0.0,1300,1440
2925,yes,0,owner,60,23,married,no_rec,fixed,45,120.0,4000.0,1000.0,1200,1476
2926,yes,12,owner,60,35,married,no_rec,fixed,60,92.0,3000.0,1600.0,875,875
2927,no,40,other,60,61,married,yes_rec,fixed,60,242.0,0.0,0.0,1000,1100
2928,no,1,parents,18,25,single,no_rec,partime,35,47.0,0.0,0.0,400,1367
2929,no,10,owner,12,36,married,no_rec,freelance,45,0.0,4000.0,0.0,900,1776
2930,no,2,owner,36,60,married,no_rec,fixed,35,122.0,3000.0,0.0,825,900
2931,yes,27,owner,60,58,married,no_rec,freelance,60,60.0,15000.0,0.0,1450,1657
2932,no,16,owner,60,30,married,no_rec,fixed,35,110.0,5000.0,200.0,1000,1000
2933,no,3,priv,60,27,married,no_rec,fixed,35,215.0,5000.0,2800.0,1500,1682
2934,no,7,owner,60,24,married,no_rec,fixed,45,106.0,2500.0,0.0,1200,1258
2935,yes,3,rent,60,32,married,no_rec,fixed,50,147.0,0.0,0.0,1100,1226
2936,no,4,rent,60,25,married,no_rec,fixed,57,115.0,0.0,0.0,900,1350
2937,no,0,parents,60,24,single,no_rec,partime,35,111.0,3000.0,1200.0,850,1412
2938,no,20,rent,60,45,married,yes_rec,freelance,93,175.0,1500.0,0.0,1500,1645
2939,no,1,priv,60,24,single,no_rec,fixed,35,174.0,7000.0,6500.0,950,1468
2940,no,30,owner,24,58,married,no_rec,freelance,60,216.0,11000.0,0.0,983,1200
2941,no,2,owner,24,49,single,no_rec,freelance,35,150.0,32000.0,0.0,800,816
2942,no,0,parents,60,22,married,no_rec,fixed,45,176.0,0.0,0.0,1150,1277
2943,yes,0,rent,36,54,married,yes_rec,others,45,0.0,0.0,0.0,2100,2100
2944,no,0,owner,36,32,married,no_rec,freelance,90,0.0,17000.0,0.0,700,875
2945,yes,33,owner,48,59,married,yes_rec,fixed,45,114.0,10000.0,0.0,1200,1420
2946,no,4,rent,42,41,married,no_rec,freelance,90,0.0,10000.0,0.0,1300,2260
2947,no,10,rent,48,38,married,no_rec,freelance,78,333.0,0.0,0.0,700,1386
2948,no,11,owner,60,33,widow,no_rec,fixed,45,90.0,8000.0,0.0,850,1105
2949,no,2,owner,60,25,married,no_rec,fixed,75,140.0,3000.0,0.0,950,1179
2950,yes,0,parents,48,28,single,no_rec,freelance,35,65.0,3000.0,0.0,800,1800
2951,yes,30,rent,48,55,married,yes_rec,fixed,51,160.0,0.0,0.0,1100,1100
2952,no,1,parents,24,21,single,no_rec,fixed,35,64.0,3000.0,0.0,700,1250
2953,no,0,parents,60,25,single,no_rec,freelance,35,0.0,0.0,0.0,800,1380
2954,no,1,owner,60,52,married,no_rec,fixed,60,250.0,3000.0,0.0,1550,1850
2955,no,1,parents,60,41,married,yes_rec,fixed,75,251.0,0.0,0.0,1450,2009
2956,no,2,parents,36,19,married,no_rec,fixed,35,162.0,4000.0,100.0,400,570
2957,no,10,owner,36,32,married,no_rec,freelance,60,300.0,40000.0,3000.0,2000,4138
2958,no,3,rent,60,48,married,no_rec,others,77,24.0,0.0,0.0,1700,1803
2959,yes,7,rent,60,25,married,no_rec,fixed,51,63.0,0.0,0.0,1100,1297
2960,no,22,owner,48,48,married,no_rec,fixed,60,110.0,3000.0,0.0,1000,1460
2961,no,3,owner,36,40,married,no_rec,fixed,35,158.0,14000.0,0.0,700,850
2962,no,24,owner,48,39,married,no_rec,fixed,75,110.0,3000.0,0.0,1150,1379
2963,yes,2,rent,12,47,married,yes_rec,fixed,103,426.0,0.0,0.0,350,450
2964,yes,0,rent,18,24,single,no_rec,partime,39,40.0,0.0,0.0,300,460
2965,no,6,owner,60,28,married,no_rec,fixed,60,187.0,5000.0,0.0,1500,2180
2966,yes,0,other,60,31,single,no_rec,partime,35,128.0,0.0,0.0,900,982
2967,yes,1,parents,60,22,single,no_rec,fixed,35,85.0,0.0,0.0,1950,2134
2968,yes,2,owner,36,37,married,no_rec,partime,105,300.0,5000.0,0.0,1000,1570
2969,yes,0,rent,36,22,single,no_rec,partime,42,65.0,0.0,0.0,430,550
2970,yes,0,owner,60,62,married,no_rec,others,45,42.0,4000.0,0.0,500,827
2971,no,35,other,60,63,widow,no_rec,fixed,35,190.0,0.0,0.0,750,1138
2972,no,32,owner,36,49,married,no_rec,fixed,75,163.0,4000.0,0.0,400,700
2973,no,4,parents,48,29,married,no_rec,fixed,45,194.0,0.0,0.0,1200,1374
2974,yes,0,owner,60,27,married,no_rec,partime,75,210.0,7000.0,4800.0,1250,1315
2975,no,2,rent,36,36,married,no_rec,freelance,95,200.0,5000.0,0.0,800,1158
2976,yes,10,owner,36,36,married,no_rec,freelance,75,0.0,10000.0,0.0,1000,1400
2977,no,2,priv,48,31,married,no_rec,fixed,45,65.0,3500.0,900.0,300,925
2978,no,16,owner,48,41,married,no_rec,fixed,45,108.0,9000.0,0.0,1150,1235
2979,no,9,rent,60,38,married,no_rec,fixed,87,120.0,0.0,0.0,1177,1300
2980,no,5,rent,48,29,married,no_rec,fixed,78,177.0,4000.0,0.0,700,960
2981,yes,1,owner,60,36,married,yes_rec,freelance,45,0.0,4000.0,2000.0,1500,1743
2982,no,3,parents,48,29,separated,no_rec,fixed,35,108.0,0.0,0.0,900,1263
2983,no,5,owner,60,35,married,no_rec,fixed,75,185.0,5000.0,1500.0,1350,1553
2984,yes,6,rent,60,38,married,yes_rec,fixed,55,103.0,0.0,0.0,1100,1303
2985,no,2,rent,36,35,single,no_rec,fixed,42,74.0,0.0,0.0,950,1000
2986,no,15,owner,60,58,married,no_rec,partime,35,100.0,12000.0,0.0,1300,1380
2987,no,6,owner,60,33,married,no_rec,partime,60,140.0,6000.0,0.0,1150,1715
2988,no,5,owner,36,47,married,no_rec,freelance,60,80.0,4000.0,0.0,350,385
2989,no,24,owner,18,38,married,yes_rec,fixed,45,0.0,7000.0,90.0,300,400
2990,yes,0,rent,60,32,married,no_rec,freelance,90,0.0,0.0,0.0,1600,1692
2991,yes,0,parents,48,21,single,no_rec,partime,35,70.0,0.0,0.0,1200,1600
2992,no,5,rent,24,41,married,no_rec,freelance,44,90.0,8000.0,0.0,600,1218
2993,no,4,other,60,25,married,no_rec,fixed,35,146.0,0.0,0.0,800,1400
2994,no,16,owner,6,41,married,no_rec,fixed,75,87.0,3000.0,0.0,200,625
2995,yes,15,owner,60,37,married,no_rec,others,90,90.0,5000.0,1800.0,1500,1816
2996,yes,4,rent,60,28,married,no_rec,fixed,79,190.0,4000.0,0.0,1250,1250
2997,yes,3,priv,60,35,married,yes_rec,fixed,45,219.0,1000.0,0.0,1000,1232
2998,no,0,owner,36,28,married,no_rec,fixed,45,142.0,8000.0,4000.0,900,1888
2999,no,16,owner,48,31,married,no_rec,fixed,45,200.0,5000.0,800.0,1250,1646
3000,no,1,parents,60,26,single,no_rec,partime,35,120.0,0.0,0.0,1150,1300
3001,no,3,owner,48,26,single,no_rec,fixed,35,157.0,7000.0,0.0,1200,2053
3002,no,5,parents,36,27,single,no_rec,fixed,35,105.0,9500.0,2350.0,1000,1443
3003,yes,6,rent,48,53,separated,yes_rec,fixed,56,208.0,0.0,0.0,1200,1479
3004,no,11,owner,60,29,single,no_rec,fixed,35,57.0,1500.0,0.0,700,994
3005,no,15,owner,60,50,married,no_rec,fixed,35,91.0,3000.0,0.0,1150,1200
3006,no,20,owner,36,48,married,no_rec,fixed,60,131.0,3500.0,0.0,1000,2188
3007,no,17,owner,36,38,married,no_rec,freelance,75,0.0,19000.0,800.0,700,795
3008,no,1,owner,48,39,married,no_rec,fixed,45,150.0,10500.0,0.0,1300,1392
3009,no,4,rent,60,25,married,no_rec,fixed,56,112.0,0.0,0.0,1250,1399
3010,yes,2,owner,60,35,single,no_rec,fixed,35,51.0,4000.0,0.0,1400,1628
3011,no,10,owner,48,33,married,no_rec,fixed,45,110.0,5000.0,0.0,1000,1160
3012,no,14,priv,48,36,married,no_rec,fixed,75,155.0,3500.0,200.0,1100,1250
3013,yes,1,other,30,20,single,no_rec,fixed,35,90.0,0.0,0.0,450,500
3014,no,4,rent,60,25,single,no_rec,fixed,50,150.0,0.0,0.0,1500,2600
3015,no,3,owner,60,34,married,no_rec,freelance,45,0.0,3000.0,0.0,1350,1423
3016,yes,2,rent,36,21,single,no_rec,fixed,45,100.0,0.0,0.0,700,825
3017,no,15,owner,36,51,married,no_rec,fixed,45,125.0,4000.0,200.0,375,375
3018,yes,0,other,60,38,married,yes_rec,fixed,45,0.0,0.0,0.0,1500,1700
3019,no,3,rent,36,23,single,no_rec,fixed,59,244.0,3100.0,0.0,700,1199
3020,no,4,parents,60,25,married,no_rec,freelance,35,95.0,25000.0,0.0,1650,1900
3021,yes,1,parents,36,25,single,no_rec,partime,35,53.0,0.0,0.0,600,1415
3022,no,13,owner,36,40,married,no_rec,fixed,45,193.0,3000.0,0.0,700,1000
3023,no,6,owner,60,43,married,yes_rec,freelance,45,140.0,4300.0,0.0,2200,2500
3024,yes,5,rent,60,40,married,yes_rec,fixed,66,206.0,0.0,0.0,1900,2225
3025,no,5,priv,36,32,married,no_rec,fixed,75,101.0,40000.0,0.0,1400,1444
3026,yes,2,rent,48,48,married,yes_rec,others,109,193.0,0.0,0.0,1140,1143
3027,no,6,owner,60,29,married,no_rec,fixed,60,220.0,15000.0,4500.0,1200,1256
3028,no,20,parents,60,36,married,no_rec,freelance,60,130.0,0.0,0.0,1200,1630
3029,no,0,owner,24,33,separated,no_rec,fixed,35,170.0,3000.0,0.0,600,1589
3030,no,3,owner,60,33,married,yes_rec,fixed,45,193.0,10000.0,1500.0,1300,1730
3031,no,20,owner,60,56,married,no_rec,fixed,35,96.0,5000.0,0.0,950,1092
3032,no,7,parents,30,29,single,no_rec,fixed,35,250.0,3500.0,0.0,500,1634
3033,no,10,owner,60,45,married,no_rec,freelance,45,325.0,12000.0,1200.0,1300,1833
3034,no,13,owner,36,51,married,yes_rec,fixed,45,382.0,5000.0,1000.0,1400,2438
3035,yes,0,rent,36,24,single,no_rec,partime,44,85.0,0.0,0.0,375,575
3036,no,16,priv,48,34,married,no_rec,fixed,60,85.0,2000.0,0.0,800,1866
3037,yes,7,rent,60,41,married,no_rec,freelance,45,0.0,0.0,0.0,1100,1108
3038,yes,7,rent,60,38,married,no_rec,freelance,90,0.0,0.0,0.0,1370,1397
3039,no,3,rent,60,41,married,yes_rec,fixed,77,166.0,0.0,0.0,2200,2625
3040,yes,22,other,36,46,married,no_rec,fixed,45,138.0,0.0,0.0,250,270
3041,no,8,owner,24,46,married,no_rec,freelance,75,0.0,15000.0,0.0,1000,1603
3042,yes,0,parents,48,28,divorced,yes_rec,fixed,35,280.0,0.0,0.0,1300,2058
3043,no,0,parents,48,23,single,no_rec,fixed,35,56.0,0.0,0.0,325,1202
3044,no,25,rent,60,52,married,no_rec,fixed,61,163.0,5000.0,900.0,1650,1683
3045,yes,7,rent,36,29,married,no_rec,fixed,58,125.0,0.0,0.0,1100,1350
3046,yes,1,other,60,36,married,no_rec,fixed,60,101.0,0.0,0.0,850,1098
3047,yes,0,owner,36,36,married,no_rec,others,45,25.0,3500.0,0.0,1300,2246
3048,no,1,parents,60,26,single,no_rec,fixed,35,57.0,0.0,0.0,1200,1512
3049,no,6,owner,60,26,married,no_rec,fixed,45,260.0,5000.0,2500.0,1300,2072
3050,no,2,owner,36,40,married,no_rec,freelance,105,144.0,6000.0,0.0,2000,2532
3051,no,14,priv,24,51,married,no_rec,partime,75,198.0,1000.0,0.0,450,650
3052,no,5,priv,60,24,married,no_rec,fixed,45,127.0,2000.0,0.0,1000,1282
3053,no,3,priv,60,27,married,no_rec,fixed,45,194.0,3500.0,1000.0,700,1083
3054,no,14,owner,60,28,married,no_rec,fixed,35,216.0,4000.0,0.0,1750,2270
3055,no,14,owner,60,30,married,no_rec,fixed,60,70.0,4000.0,2800.0,600,1125
3056,yes,0,rent,48,27,married,no_rec,freelance,70,250.0,0.0,0.0,860,970
3057,no,2,rent,60,32,married,no_rec,partime,87,115.0,2000.0,0.0,1250,1517
3058,no,17,owner,24,51,married,no_rec,freelance,35,0.0,5000.0,0.0,800,1630
3059,no,40,owner,36,59,married,no_rec,freelance,35,0.0,17000.0,3000.0,500,1571
3060,yes,3,other,48,38,married,no_rec,freelance,75,40.0,3500.0,0.0,600,882
3061,no,22,rent,60,38,married,no_rec,fixed,70,100.0,0.0,0.0,500,982
3062,no,12,owner,60,28,single,yes_rec,fixed,35,172.0,3000.0,2000.0,950,1184
3063,no,3,owner,60,38,single,no_rec,fixed,35,250.0,5000.0,0.0,1500,1934
3064,yes,2,parents,36,36,married,no_rec,freelance,90,59.0,0.0,0.0,500,715
3065,no,1,owner,12,22,single,no_rec,fixed,45,80.0,3500.0,0.0,200,1156
3066,yes,11,rent,36,59,married,no_rec,fixed,69,85.0,0.0,0.0,850,1100
3067,no,1,owner,48,48,married,no_rec,freelance,45,188.0,14000.0,0.0,900,1082
3068,yes,2,parents,60,22,single,no_rec,fixed,35,60.0,0.0,0.0,1175,1175
3069,no,18,owner,60,49,married,no_rec,fixed,135,180.0,13500.0,0.0,900,994
3070,yes,0,priv,60,43,married,no_rec,partime,90,82.0,4000.0,0.0,600,790
3071,no,4,owner,36,32,married,no_rec,fixed,45,190.0,13000.0,2000.0,800,2400
3072,yes,3,parents,12,26,single,no_rec,fixed,35,120.0,3500.0,0.0,1000,1844
3073,no,6,parents,36,23,single,no_rec,fixed,35,79.0,6000.0,0.0,550,652
3074,no,6,owner,60,27,single,no_rec,fixed,35,208.0,6000.0,3300.0,1500,1559
3075,yes,1,rent,60,39,married,no_rec,fixed,69,92.0,0.0,0.0,900,1020
3076,yes,1,rent,48,36,married,no_rec,partime,101,112.0,0.0,0.0,1550,1839
3077,no,12,owner,24,47,married,no_rec,fixed,60,135.0,2500.0,0.0,550,1061
3078,no,20,rent,36,39,married,no_rec,fixed,91,158.0,0.0,0.0,380,580
3079,no,8,owner,36,30,married,no_rec,freelance,45,80.0,7000.0,3000.0,1000,1734
3080,no,1,owner,48,36,married,no_rec,fixed,60,75.0,5500.0,0.0,1085,1736
3081,no,12,other,60,33,married,no_rec,fixed,60,140.0,0.0,0.0,1650,1910
3082,no,16,owner,60,31,married,no_rec,fixed,60,160.0,12000.0,0.0,1850,1862
3083,no,13,owner,60,58,married,no_rec,fixed,75,211.0,7500.0,2000.0,800,1214
3084,no,17,owner,12,37,married,no_rec,fixed,75,188.0,7000.0,1000.0,600,1890
3085,no,13,priv,24,59,widow,no_rec,fixed,35,87.0,1200.0,0.0,425,750
3086,no,8,owner,60,38,married,no_rec,fixed,35,218.0,8000.0,0.0,1500,1785
3087,no,14,owner,48,48,married,yes_rec,fixed,60,107.0,5000.0,0.0,850,1801
3088,no,3,rent,48,36,married,yes_rec,fixed,82,222.0,0.0,0.0,1900,2100
3089,no,13,priv,48,36,married,no_rec,fixed,75,81.0,4750.0,0.0,1200,1385
3090,no,1,parents,36,36,single,no_rec,fixed,35,120.0,0.0,0.0,1000,2470
3091,no,9,owner,24,40,married,no_rec,freelance,60,0.0,5000.0,0.0,500,1490
3092,yes,0,rent,48,49,married,no_rec,partime,52,72.0,0.0,0.0,500,950
3093,no,8,rent,48,31,married,no_rec,fixed,90,150.0,0.0,0.0,1100,1430
3094,yes,20,owner,36,40,single,yes_rec,freelance,35,0.0,8500.0,400.0,750,1100
3095,yes,0,parents,60,25,single,yes_rec,fixed,35,95.0,8000.0,0.0,1250,1742
3096,no,5,owner,36,43,married,no_rec,freelance,45,0.0,4000.0,0.0,1800,2300
3097,no,5,parents,36,22,single,no_rec,fixed,35,100.0,0.0,0.0,1000,1200
3098,yes,12,owner,60,37,married,no_rec,fixed,90,80.0,5000.0,0.0,1600,1800
3099,no,8,owner,48,53,married,no_rec,fixed,45,147.0,8000.0,700.0,750,797
3100,no,8,parents,60,26,single,no_rec,freelance,35,75.0,7000.0,0.0,850,989
3101,no,26,owner,48,49,married,no_rec,fixed,60,240.0,2000.0,0.0,1750,2047
3102,no,15,parents,60,31,married,no_rec,fixed,45,140.0,0.0,0.0,1200,1637
3103,no,25,priv,48,55,married,no_rec,fixed,60,169.0,4000.0,0.0,1000,1459
3104,yes,3,parents,48,28,single,no_rec,freelance,35,79.0,0.0,0.0,1400,1958
3105,no,41,other,24,59,married,no_rec,fixed,60,177.0,0.0,0.0,500,1633
3106,no,22,owner,48,53,married,no_rec,fixed,35,110.0,5000.0,0.0,1500,1683
3107,no,12,owner,60,45,married,no_rec,fixed,75,131.0,5000.0,0.0,1150,1452
3108,no,4,owner,24,22,single,no_rec,fixed,35,79.0,4000.0,0.0,1000,1618
3109,no,0,owner,60,39,married,yes_rec,fixed,45,150.0,23000.0,5000.0,1050,1625
3110,yes,1,rent,36,25,married,yes_rec,partime,69,92.0,0.0,0.0,475,550
3111,no,3,other,60,32,married,no_rec,freelance,35,0.0,0.0,0.0,1000,1731
3112,no,2,parents,60,25,single,no_rec,fixed,35,110.0,0.0,0.0,860,959
3113,no,5,parents,60,21,single,no_rec,fixed,45,56.0,0.0,0.0,1400,2067
3114,yes,1,rent,48,46,married,no_rec,fixed,103,125.0,1500.0,0.0,1100,1408
3115,yes,0,rent,36,29,married,no_rec,partime,78,180.0,0.0,0.0,650,650
3116,no,0,owner,60,22,single,no_rec,partime,45,150.0,4000.0,0.0,1550,1657
3117,no,22,owner,36,45,married,no_rec,fixed,75,260.0,3000.0,0.0,1200,2267
3118,no,3,rent,48,60,widow,no_rec,freelance,54,186.0,0.0,0.0,850,1036
3119,yes,21,owner,60,44,married,no_rec,fixed,90,105.0,1150.0,720.0,200,1078
3120,no,20,owner,36,43,married,no_rec,fixed,60,80.0,3000.0,0.0,600,675
3121,no,1,owner,60,36,single,no_rec,freelance,60,100.0,4500.0,1500.0,400,1591
3122,yes,0,other,60,52,married,yes_rec,fixed,45,0.0,0.0,0.0,1400,1734
3123,no,7,rent,18,33,married,no_rec,fixed,113,532.0,0.0,0.0,1000,2290
3124,no,2,priv,60,34,married,no_rec,fixed,60,186.0,8000.0,4000.0,1250,1350
3125,no,12,rent,36,52,married,no_rec,freelance,75,0.0,3500.0,0.0,200,1240
3126,yes,0,owner,36,21,single,yes_rec,partime,35,115.0,2000.0,0.0,700,900
3127,yes,1,owner,60,27,married,no_rec,partime,75,160.0,4000.0,3000.0,1800,2100
3128,no,24,owner,60,45,married,no_rec,fixed,90,198.0,3500.0,0.0,900,1541
3129,no,12,owner,24,38,married,no_rec,fixed,60,114.0,4000.0,600.0,400,1169
3130,no,15,owner,60,51,married,no_rec,fixed,60,216.0,5000.0,0.0,1000,1200
3131,no,17,owner,12,47,married,no_rec,fixed,75,80.0,2500.0,0.0,400,1454
3132,no,20,owner,60,51,married,no_rec,fixed,60,250.0,2500.0,0.0,1250,1825
3133,yes,6,other,60,30,married,no_rec,fixed,60,133.0,0.0,0.0,1300,1388
3134,yes,6,rent,36,49,married,no_rec,others,65,54.0,0.0,0.0,450,615
3135,yes,2,rent,60,32,married,no_rec,fixed,93,175.0,0.0,0.0,1650,1688
3136,no,20,owner,36,37,married,yes_rec,fixed,60,150.0,3500.0,0.0,450,950
3137,yes,21,rent,60,55,widow,no_rec,fixed,56,107.0,0.0,0.0,1100,1353
3138,no,30,rent,36,53,married,no_rec,partime,70,95.0,0.0,0.0,800,800
3139,no,7,owner,60,44,married,no_rec,freelance,90,190.0,10000.0,0.0,1350,1527
3140,yes,0,other,36,26,single,yes_rec,partime,35,0.0,0.0,0.0,550,600
3141,no,7,parents,24,40,married,no_rec,fixed,60,200.0,10000.0,0.0,1000,3429
3142,yes,1,parents,36,33,single,no_rec,fixed,35,125.0,0.0,0.0,600,1600
3143,no,21,other,60,43,single,no_rec,fixed,35,115.0,0.0,0.0,1000,1338
3144,no,20,owner,48,44,married,no_rec,fixed,45,87.0,3000.0,0.0,800,1694
3145,no,12,owner,48,35,married,no_rec,fixed,45,125.0,6000.0,0.0,350,1511
3146,no,0,other,60,22,single,no_rec,fixed,35,89.0,0.0,0.0,1400,1666
3147,no,11,rent,60,38,married,no_rec,fixed,91,160.0,0.0,0.0,600,1200
3148,no,18,owner,36,33,married,no_rec,freelance,75,68.0,9000.0,3000.0,850,1340
3149,no,19,owner,36,37,married,no_rec,fixed,75,170.0,2500.0,0.0,950,1339
3150,yes,2,priv,24,20,single,no_rec,freelance,35,107.0,54000.0,0.0,2000,2600
3151,no,1,rent,36,27,married,yes_rec,fixed,46,108.0,0.0,0.0,475,550
3152,no,19,owner,60,56,married,yes_rec,fixed,45,298.0,8000.0,0.0,1700,2195
3153,yes,0,parents,36,21,single,yes_rec,fixed,35,75.0,0.0,0.0,690,790
3154,yes,0,parents,24,35,single,no_rec,partime,35,60.0,0.0,0.0,800,1560
3155,no,14,owner,60,32,married,yes_rec,fixed,45,120.0,5000.0,0.0,400,965
3156,no,20,owner,60,36,married,no_rec,fixed,45,218.0,5000.0,2500.0,1600,2478
3157,no,22,owner,6,46,married,no_rec,freelance,90,150.0,75000.0,0.0,3000,3300
3158,no,24,owner,36,39,married,no_rec,fixed,90,90.0,12000.0,4000.0,700,1693
3159,no,12,owner,36,34,married,no_rec,fixed,60,97.0,4500.0,96.0,600,1253
3160,no,25,owner,60,43,married,no_rec,freelance,60,62.0,12000.0,0.0,1000,1627
3161,no,1,rent,36,29,married,no_rec,freelance,54,86.0,0.0,0.0,500,1686
3162,yes,0,owner,36,42,married,no_rec,fixed,75,0.0,7000.0,0.0,2500,3058
3163,no,2,other,36,26,single,no_rec,fixed,35,63.0,0.0,0.0,300,1111
3164,no,14,other,60,30,married,no_rec,fixed,45,130.0,0.0,0.0,1500,2414
3165,no,15,priv,24,52,single,no_rec,freelance,35,330.0,16500.0,0.0,1500,2201
3166,no,11,owner,60,54,married,no_rec,fixed,45,230.0,15000.0,0.0,1200,1415
3167,no,1,owner,60,22,married,yes_rec,fixed,45,230.0,2000.0,288.0,800,1588
3168,no,0,owner,48,45,married,no_rec,partime,35,110.0,3000.0,0.0,1200,1642
3169,no,1,parents,60,26,single,no_rec,fixed,35,90.0,0.0,0.0,1000,1297
3170,no,30,owner,24,51,married,yes_rec,freelance,45,0.0,20000.0,0.0,1000,1588
3171,no,22,owner,24,40,married,no_rec,fixed,75,190.0,3000.0,0.0,1000,1500
3172,no,3,parents,48,26,single,no_rec,fixed,35,120.0,0.0,0.0,1100,2080
3173,no,6,other,48,35,married,no_rec,fixed,60,79.0,15000.0,0.0,2000,2504
3174,no,10,owner,36,45,married,yes_rec,freelance,60,0.0,9500.0,250.0,750,1138
3175,no,2,owner,60,44,married,no_rec,fixed,75,274.0,6000.0,0.0,1600,2070
3176,yes,5,rent,60,24,married,no_rec,fixed,56,111.0,0.0,0.0,1000,1570
3177,no,17,rent,24,40,married,yes_rec,fixed,58,128.0,0.0,0.0,700,982
3178,no,13,owner,36,39,married,no_rec,fixed,35,148.0,14000.0,0.0,300,850
3179,no,5,rent,36,45,married,no_rec,others,90,150.0,10000.0,0.0,1100,1556
3180,yes,5,other,48,32,married,yes_rec,fixed,45,225.0,0.0,0.0,1000,1812
3181,no,3,parents,48,24,single,no_rec,fixed,35,55.0,3000.0,0.0,850,875
3182,yes,1,parents,48,40,single,yes_rec,fixed,35,80.0,3500.0,0.0,1100,1144
3183,no,1,owner,60,49,married,no_rec,fixed,105,531.0,47000.0,0.0,1400,1601
3184,yes,3,owner,60,37,married,no_rec,partime,90,166.0,3000.0,0.0,800,877
3185,no,16,other,42,49,married,yes_rec,fixed,45,80.0,0.0,0.0,700,950
3186,yes,0,rent,60,19,single,no_rec,others,35,0.0,0.0,0.0,900,1158
3187,no,3,parents,60,26,single,no_rec,fixed,35,83.0,0.0,0.0,1050,1156
3188,yes,7,owner,60,25,married,no_rec,fixed,35,75.0,3000.0,0.0,1350,1674
3189,yes,10,owner,60,38,married,yes_rec,fixed,90,80.0,3000.0,1749.0,1030,1095
3190,no,20,other,60,36,married,no_rec,fixed,75,210.0,0.0,0.0,1330,1330
3191,no,1,parents,24,21,single,no_rec,partime,35,90.0,0.0,0.0,900,1307
3192,no,18,owner,60,49,married,no_rec,fixed,90,110.0,5200.0,600.0,1350,1557
3193,yes,0,rent,48,24,married,no_rec,partime,35,0.0,0.0,0.0,600,1452
3194,no,10,owner,60,32,married,no_rec,fixed,60,160.0,4000.0,1800.0,1050,1303
3195,no,3,owner,36,37,married,no_rec,freelance,35,141.0,5000.0,400.0,1000,1912
3196,no,2,rent,60,33,married,no_rec,fixed,73,130.0,0.0,0.0,1100,1610
3197,no,2,owner,48,24,single,no_rec,fixed,35,157.0,6000.0,0.0,1000,1347
3198,no,6,parents,60,28,separated,no_rec,fixed,35,81.0,0.0,0.0,1500,1878
3199,no,28,owner,24,59,married,no_rec,freelance,60,606.0,6000.0,0.0,1550,1760
3200,no,23,other,36,56,separated,no_rec,freelance,35,157.0,0.0,0.0,1800,2320
3201,no,6,owner,60,50,married,no_rec,fixed,60,260.0,6000.0,0.0,1650,1800
3202,no,2,owner,60,37,married,no_rec,fixed,60,145.0,3500.0,1100.0,1250,1763
3203,no,30,owner,60,62,married,no_rec,fixed,60,150.0,3200.0,400.0,800,1314
3204,no,12,owner,60,34,married,no_rec,fixed,35,187.0,6000.0,2000.0,500,1457
3205,no,8,priv,48,22,married,no_rec,fixed,45,120.0,2500.0,1200.0,880,882
3206,no,2,rent,60,29,married,no_rec,fixed,80,200.0,0.0,0.0,1250,1250
3207,yes,10,rent,60,39,married,yes_rec,freelance,119,292.0,13000.0,2500.0,1500,2262
3208,no,4,priv,60,27,married,no_rec,fixed,45,53.0,2500.0,300.0,780,861
3209,no,2,rent,36,44,married,no_rec,partime,57,123.0,5000.0,0.0,900,975
3210,no,1,owner,48,27,married,no_rec,fixed,45,90.0,5000.0,0.0,350,1680
3211,no,0,priv,60,32,married,no_rec,partime,75,160.0,6000.0,0.0,1200,1571
3212,no,3,owner,60,41,married,no_rec,freelance,60,142.0,14000.0,0.0,1889,1889
3213,no,35,owner,24,51,married,no_rec,fixed,35,250.0,6000.0,0.0,450,1902
3214,no,3,parents,36,20,single,yes_rec,fixed,35,55.0,0.0,0.0,600,1625
3215,no,30,owner,48,59,married,no_rec,fixed,45,150.0,4000.0,0.0,660,933
3216,yes,12,other,60,34,married,no_rec,fixed,60,113.0,1500.0,0.0,1050,1087
3217,no,2,owner,36,23,single,no_rec,fixed,35,88.0,5500.0,0.0,750,1218
3218,no,3,parents,36,22,single,no_rec,fixed,35,65.0,0.0,0.0,1000,1629
3219,no,30,parents,24,53,married,no_rec,freelance,90,500.0,0.0,0.0,600,1100
3220,no,7,priv,60,29,married,no_rec,fixed,60,51.0,3500.0,500.0,1000,1290
3221,no,18,rent,60,39,married,no_rec,fixed,93,177.0,0.0,0.0,800,1781
3222,no,5,owner,48,41,married,no_rec,fixed,90,275.0,25000.0,1000.0,1800,2260
3223,yes,1,parents,36,24,single,yes_rec,partime,35,120.0,0.0,0.0,250,750
3224,yes,3,owner,24,23,married,no_rec,fixed,75,85.0,5000.0,0.0,600,1600
3225,no,2,parents,48,25,single,no_rec,fixed,35,91.0,0.0,0.0,900,1763
3226,no,3,owner,12,32,married,no_rec,freelance,75,25.0,3600.0,1800.0,100,550
3227,yes,5,rent,48,30,separated,yes_rec,partime,39,41.0,0.0,0.0,1300,1600
3228,yes,2,owner,60,42,widow,no_rec,others,45,35.0,6000.0,0.0,650,865
3229,no,20,owner,60,43,married,no_rec,partime,60,138.0,20000.0,0.0,1000,1312
3230,no,3,parents,48,22,single,no_rec,fixed,35,50.0,0.0,0.0,1100,1382
3231,no,15,owner,12,55,married,no_rec,fixed,45,130.0,7000.0,0.0,200,1240
3232,no,20,owner,24,53,married,no_rec,freelance,45,200.0,100000.0,0.0,1000,1419
3233,no,12,owner,60,28,single,no_rec,fixed,35,126.0,15000.0,0.0,1350,1381
3234,no,10,owner,60,34,married,yes_rec,fixed,60,310.0,3000.0,0.0,1600,1849
3235,no,7,owner,60,36,married,no_rec,fixed,60,122.0,3000.0,0.0,750,850
3236,no,0,owner,60,22,single,no_rec,partime,35,155.0,6500.0,0.0,1100,1646
3237,yes,0,rent,60,38,married,no_rec,fixed,67,69.0,0.0,0.0,1200,1497
3238,yes,1,owner,36,45,married,yes_rec,freelance,75,0.0,4000.0,0.0,800,800
3239,no,8,owner,24,51,married,no_rec,fixed,45,167.0,8000.0,0.0,250,400
3240,no,1,parents,48,21,single,no_rec,partime,35,164.0,0.0,0.0,1400,1503
3241,no,10,owner,60,52,married,no_rec,fixed,60,143.0,5500.0,0.0,1300,1661
3242,no,1,owner,60,24,single,no_rec,fixed,35,70.0,4000.0,0.0,1200,1505
3243,yes,2,other,48,25,married,no_rec,fixed,35,129.0,0.0,0.0,1580,1925
3244,no,5,rent,60,37,single,no_rec,fixed,48,130.0,0.0,0.0,600,1062
3245,yes,2,owner,48,40,married,yes_rec,fixed,90,250.0,9000.0,7000.0,1250,1776
3246,yes,0,parents,60,21,single,no_rec,partime,35,86.0,0.0,0.0,1000,1135
3247,no,13,parents,48,51,married,no_rec,fixed,45,92.0,3000.0,500.0,1220,1433
3248,no,0,other,60,37,married,no_rec,fixed,60,198.0,0.0,0.0,1000,1000
3249,no,6,priv,60,35,married,no_rec,fixed,45,160.0,3000.0,1200.0,900,1612
3250,no,7,rent,60,34,single,no_rec,fixed,60,250.0,9200.0,0.0,1500,1594
3251,no,10,owner,36,26,married,no_rec,fixed,60,100.0,3000.0,1800.0,500,690
3252,no,1,owner,6,29,single,no_rec,freelance,35,107.0,2000.0,0.0,300,1298
3253,yes,17,rent,48,52,married,no_rec,fixed,93,180.0,0.0,0.0,1200,1338
3254,no,12,owner,60,27,married,no_rec,fixed,45,145.0,3500.0,0.0,1000,1556
3255,no,6,ignore,24,31,single,no_rec,fixed,35,250.0,8000.0,0.0,1000,2436
3256,no,17,rent,12,46,married,no_rec,fixed,59,141.0,0.0,0.0,200,600
3257,yes,0,other,36,28,married,yes_rec,others,45,297.0,8000.0,0.0,1360,1362
3258,yes,4,rent,36,23,married,no_rec,fixed,46,108.0,0.0,0.0,315,315
3259,no,1,priv,24,31,married,no_rec,fixed,60,140.0,2000.0,500.0,1100,1600
3260,no,3,owner,60,31,married,no_rec,fixed,45,140.0,5500.0,1200.0,900,1400
3261,no,4,owner,12,54,married,no_rec,fixed,75,83.0,3000.0,0.0,600,1468
3262,no,30,owner,60,53,married,no_rec,fixed,35,120.0,4000.0,0.0,1250,1401
3263,no,2,parents,60,25,single,no_rec,fixed,35,96.0,0.0,0.0,1300,1785
3264,no,8,rent,36,30,married,no_rec,fixed,71,112.0,8000.0,0.0,1000,1175
3265,no,11,rent,18,28,married,yes_rec,freelance,64,190.0,2000.0,0.0,700,1224
3266,no,3,rent,48,26,married,no_rec,fixed,58,230.0,0.0,0.0,1150,1316
3267,no,23,parents,60,43,single,no_rec,fixed,35,90.0,3500.0,0.0,1050,1228
3268,yes,0,owner,60,62,married,yes_rec,others,90,136.0,2650.0,0.0,600,790
3269,no,8,priv,36,48,married,yes_rec,fixed,75,175.0,1000.0,0.0,475,575
3270,yes,2,owner,60,43,married,no_rec,partime,75,71.0,3000.0,0.0,1500,1552
3271,yes,1,rent,36,39,separated,yes_rec,others,52,65.0,0.0,0.0,500,700
3272,no,6,rent,60,34,separated,no_rec,fixed,47,120.0,0.0,0.0,1100,1700
3273,no,3,owner,36,37,married,no_rec,fixed,60,55.0,0.0,0.0,1500,2315
3274,yes,3,rent,18,30,married,no_rec,freelance,54,90.0,0.0,0.0,300,425
3275,no,25,owner,48,44,married,no_rec,freelance,75,250.0,20000.0,0.0,700,1100
3276,no,4,rent,12,33,married,no_rec,fixed,78,183.0,0.0,0.0,600,1600
3277,no,27,owner,36,53,married,yes_rec,fixed,35,136.0,4000.0,0.0,350,1389
3278,no,3,rent,60,42,married,no_rec,fixed,105,150.0,25000.0,0.0,1000,1338
3279,no,5,owner,18,31,married,no_rec,fixed,75,153.0,5000.0,0.0,800,1615
3280,no,3,parents,60,36,married,yes_rec,fixed,60,92.0,0.0,0.0,1100,1355
3281,no,0,owner,36,55,married,yes_rec,freelance,45,0.0,16000.0,0.0,900,1100
3282,yes,0,parents,24,21,single,yes_rec,partime,35,126.0,0.0,0.0,1150,1586
3283,no,5,rent,60,44,married,yes_rec,freelance,75,0.0,5000.0,0.0,1800,1888
3284,no,2,rent,48,29,single,no_rec,fixed,60,250.0,0.0,0.0,1000,1179
3285,no,0,parents,60,24,single,yes_rec,fixed,35,241.0,0.0,0.0,1100,1600
3286,no,3,rent,48,36,married,no_rec,fixed,71,105.0,0.0,0.0,350,1526
3287,yes,2,owner,60,24,single,no_rec,partime,35,120.0,3000.0,0.0,1400,1513
3288,yes,0,rent,36,36,married,no_rec,partime,82,70.0,3500.0,0.0,500,1350
3289,no,25,owner,60,41,married,yes_rec,fixed,45,114.0,5500.0,4500.0,1600,1665
3290,no,19,parents,60,34,single,no_rec,fixed,35,80.0,0.0,0.0,1000,1097
3291,yes,0,parents,36,35,married,no_rec,freelance,75,0.0,0.0,0.0,1450,1500
3292,no,16,parents,36,45,single,no_rec,fixed,35,76.0,0.0,0.0,500,1210
3293,no,23,owner,60,50,married,no_rec,fixed,45,90.0,3000.0,0.0,950,1101
3294,no,3,owner,48,33,married,no_rec,fixed,45,208.0,10000.0,4800.0,900,1232
3295,no,10,rent,60,28,married,no_rec,fixed,78,325.0,18.0,3000.0,2250,2250
3296,no,3,owner,24,46,married,no_rec,freelance,75,500.0,14000.0,0.0,500,1095
3297,no,22,rent,48,46,married,no_rec,fixed,86,110.0,0.0,0.0,1150,1528
3298,yes,11,owner,48,36,married,yes_rec,fixed,35,81.0,5000.0,2000.0,570,1177
3299,no,6,rent,36,45,married,no_rec,freelance,90,0.0,0.0,0.0,600,1114
3300,no,10,owner,24,50,married,no_rec,freelance,60,100.0,4000.0,0.0,700,1461
3301,no,0,owner,24,46,married,no_rec,fixed,90,140.0,30000.0,0.0,350,1571
3302,yes,5,owner,48,26,single,no_rec,fixed,35,0.0,10000.0,5000.0,1500,2272
3303,yes,2,rent,60,46,separated,no_rec,fixed,49,136.0,0.0,0.0,1500,1687
3304,yes,2,rent,60,57,married,no_rec,others,50,52.0,1800.0,0.0,800,866
3305,no,0,rent,60,29,married,no_rec,partime,61,160.0,0.0,0.0,1000,1055
3306,no,2,owner,36,49,married,yes_rec,freelance,75,154.0,14000.0,0.0,850,1263
3307,no,14,owner,48,39,married,no_rec,fixed,60,114.0,11800.0,0.0,1300,1926
3308,no,2,parents,36,34,separated,no_rec,fixed,35,130.0,4000.0,0.0,500,550
3309,yes,23,owner,60,57,married,no_rec,fixed,35,99.0,2500.0,0.0,900,1077
3310,yes,7,owner,60,28,married,yes_rec,fixed,60,148.0,8000.0,0.0,920,1021
3311,no,25,owner,60,53,married,no_rec,fixed,60,107.0,4000.0,0.0,800,932
3312,no,7,other,60,26,married,yes_rec,fixed,45,211.0,0.0,0.0,1400,1531
3313,no,12,owner,60,27,married,no_rec,fixed,35,132.0,3000.0,1400.0,1400,1428
3314,no,3,rent,60,36,married,no_rec,partime,42,72.0,0.0,0.0,850,1263
3315,yes,1,rent,36,37,married,yes_rec,fixed,97,71.0,0.0,0.0,1300,1700
3316,no,10,owner,60,27,married,no_rec,freelance,35,180.0,8000.0,3530.0,1700,1847
3317,yes,2,rent,48,20,single,no_rec,fixed,48,125.0,0.0,0.0,1150,1234
3318,no,20,owner,48,45,married,no_rec,freelance,90,0.0,30000.0,0.0,1100,2500
3319,no,10,owner,30,37,married,no_rec,fixed,60,200.0,7000.0,0.0,750,1923
3320,no,5,owner,24,43,married,no_rec,fixed,75,93.0,3000.0,0.0,700,1735
3321,no,1,rent,36,22,married,no_rec,fixed,62,168.0,0.0,0.0,1200,2186
3322,no,5,owner,60,40,married,yes_rec,fixed,60,134.0,3500.0,0.0,1200,1291
3323,yes,2,rent,60,33,married,no_rec,fixed,80,196.0,0.0,0.0,1350,1364
3324,no,21,rent,60,39,married,no_rec,fixed,124,191.0,2000.0,0.0,2000,2536
3325,no,30,rent,60,55,married,no_rec,fixed,57,115.0,10000.0,0.0,900,1000
3326,no,3,priv,36,26,married,no_rec,freelance,60,68.0,5000.0,90.0,900,1501
3327,no,5,parents,48,27,married,yes_rec,freelance,45,175.0,0.0,0.0,1000,1342
3328,no,19,owner,12,42,married,no_rec,fixed,90,464.0,5000.0,0.0,1100,2413
3329,no,3,owner,30,37,married,no_rec,fixed,75,80.0,4000.0,0.0,650,1270
3330,no,4,rent,60,29,married,yes_rec,fixed,59,142.0,1000.0,0.0,1250,1267
3331,no,2,owner,60,60,married,no_rec,fixed,35,87.0,2500.0,0.0,1000,1150
3332,yes,6,parents,60,28,married,no_rec,freelance,90,325.0,7000.0,0.0,1200,1211
3333,no,14,priv,60,28,married,no_rec,fixed,60,190.0,18000.0,0.0,1850,2247
3334,yes,2,owner,60,29,married,yes_rec,partime,35,71.0,6000.0,0.0,700,2700
3335,no,2,owner,60,25,married,no_rec,fixed,35,158.0,6000.0,4380.0,1400,1423
3336,no,7,priv,60,32,married,no_rec,fixed,75,120.0,3000.0,3000.0,870,1147
3337,no,0,other,18,22,single,no_rec,partime,35,150.0,0.0,0.0,175,475
3338,yes,0,owner,60,38,married,yes_rec,partime,75,120.0,3500.0,0.0,1500,1702
3339,no,5,owner,48,43,married,no_rec,freelance,45,145.0,5000.0,0.0,680,1350
3340,no,1,rent,60,22,single,no_rec,fixed,45,95.0,0.0,0.0,1250,1571
3341,no,15,owner,48,57,married,no_rec,freelance,35,212.0,65000.0,0.0,1300,1852
3342,no,14,rent,60,60,married,no_rec,fixed,62,170.0,8000.0,0.0,915,1396
3343,yes,1,rent,24,24,single,no_rec,partime,49,139.0,0.0,0.0,500,550
3344,no,3,owner,60,31,single,no_rec,fixed,35,131.0,4000.0,0.0,1050,1139
3345,no,3,owner,60,39,married,no_rec,fixed,60,120.0,4500.0,870.0,900,1580
3346,no,1,priv,60,46,married,no_rec,fixed,60,115.0,5500.0,800.0,1000,1137
3347,no,11,owner,36,37,married,no_rec,fixed,75,178.0,3000.0,0.0,1000,1048
3348,no,3,parents,60,19,single,no_rec,fixed,35,218.0,0.0,0.0,1100,1387
3349,no,17,owner,48,42,married,no_rec,freelance,75,250.0,7000.0,1000.0,1600,2078
3350,no,2,rent,48,34,married,no_rec,freelance,75,300.0,0.0,0.0,1700,2185
3351,no,11,owner,60,39,divorced,yes_rec,fixed,35,263.0,2500.0,0.0,1000,1300
3352,yes,1,other,48,35,separated,yes_rec,fixed,35,126.0,0.0,0.0,1300,1696
3353,no,6,owner,60,29,married,no_rec,fixed,60,115.0,6000.0,2000.0,1250,1780
3354,no,0,owner,36,39,married,no_rec,fixed,60,138.0,3000.0,0.0,1400,2610
3355,yes,2,parents,24,37,single,no_rec,fixed,35,78.0,0.0,0.0,800,1298
3356,yes,5,rent,60,43,single,no_rec,freelance,39,42.0,0.0,0.0,1600,1872
3357,no,30,rent,60,54,married,no_rec,fixed,54,93.0,0.0,0.0,1000,1387
3358,no,29,owner,48,52,married,no_rec,fixed,60,118.0,6500.0,0.0,750,1255
3359,no,4,owner,60,35,married,no_rec,fixed,60,251.0,6500.0,4000.0,1000,1123
3360,no,13,owner,60,30,married,no_rec,fixed,45,210.0,14000.0,0.0,1100,1224
3361,no,3,owner,60,27,married,no_rec,freelance,45,21.0,4000.0,0.0,1050,1064
3362,no,3,other,48,28,married,no_rec,fixed,35,125.0,1500.0,0.0,1500,1689
3363,yes,0,rent,12,37,married,no_rec,others,88,130.0,0.0,0.0,250,375
3364,no,15,owner,60,29,married,no_rec,fixed,45,42.0,15000.0,4800.0,1500,2519
3365,no,2,parents,24,21,single,no_rec,freelance,35,0.0,0.0,0.0,250,355
3366,yes,0,owner,60,64,widow,no_rec,others,35,100.0,8000.0,0.0,1980,2038
3367,yes,5,ignore,48,46,married,no_rec,freelance,75,91.0,6000.0,0.0,4500,6222
3368,no,11,parents,24,28,single,no_rec,fixed,35,82.0,0.0,0.0,400,800
3369,no,7,owner,36,29,married,no_rec,fixed,60,121.0,3000.0,0.0,650,915
3370,no,8,priv,36,31,married,no_rec,fixed,60,110.0,2000.0,360.0,400,450
3371,no,10,priv,60,40,married,no_rec,fixed,60,154.0,1500.0,0.0,825,1075
3372,no,3,owner,48,28,married,no_rec,partime,75,61.0,4000.0,50.0,1250,1484
3373,no,30,other,48,50,married,no_rec,fixed,45,220.0,0.0,0.0,600,900
3374,no,14,priv,12,49,married,no_rec,fixed,90,140.0,3000.0,500.0,400,1432
3375,no,1,parents,60,21,single,yes_rec,freelance,35,73.0,0.0,0.0,800,899
3376,no,15,owner,60,63,married,no_rec,fixed,60,315.0,3500.0,266.0,1000,1241
3377,no,2,priv,60,25,married,no_rec,fixed,45,60.0,3000.0,0.0,1150,1163
3378,no,5,other,24,33,married,no_rec,fixed,60,115.0,0.0,0.0,400,1600
3379,no,17,other,48,62,single,no_rec,fixed,35,100.0,0.0,0.0,900,1000
3380,no,15,owner,36,45,married,no_rec,freelance,60,214.0,8000.0,0.0,1400,1500
3381,yes,2,other,48,23,single,no_rec,fixed,35,140.0,0.0,0.0,1950,2175
3382,no,0,owner,60,56,married,no_rec,fixed,45,150.0,10000.0,0.0,1000,1798
3383,no,4,owner,60,55,married,no_rec,fixed,45,130.0,9000.0,0.0,1800,2281
3384,yes,5,priv,48,44,married,yes_rec,fixed,75,199.0,4600.0,0.0,1600,2631
3385,yes,1,rent,60,37,single,no_rec,fixed,45,100.0,0.0,0.0,1150,1555
3386,yes,0,rent,60,60,married,no_rec,others,55,100.0,8000.0,0.0,2500,2500
3387,no,7,priv,60,32,married,no_rec,fixed,60,242.0,3500.0,2000.0,1000,2236
3388,no,1,owner,48,53,married,no_rec,freelance,35,213.0,20000.0,0.0,1250,2040
3389,yes,0,rent,60,36,married,no_rec,others,47,121.0,0.0,0.0,900,1423
3390,no,14,owner,60,41,married,no_rec,fixed,75,183.0,4000.0,1100.0,1500,2730
3391,no,15,other,24,40,married,no_rec,fixed,75,98.0,0.0,0.0,500,1100
3392,no,1,owner,48,18,single,no_rec,partime,45,111.0,7000.0,0.0,1100,1299
3393,no,5,rent,36,52,married,yes_rec,freelance,35,0.0,0.0,0.0,850,950
3394,no,12,owner,60,43,married,yes_rec,fixed,75,254.0,14000.0,2900.0,1200,1698
3395,no,5,owner,60,49,married,no_rec,fixed,35,122.0,5000.0,0.0,1500,1740
3396,no,3,other,48,22,single,no_rec,freelance,60,104.0,5000.0,0.0,1300,1813
3397,no,8,parents,36,26,single,no_rec,others,35,0.0,0.0,0.0,1300,1500
3398,no,20,owner,60,39,married,no_rec,fixed,60,68.0,13000.0,0.0,900,975
3399,yes,4,owner,24,22,single,no_rec,fixed,35,97.0,3216.0,0.0,1000,1000
3400,no,0,other,48,39,married,no_rec,fixed,60,85.0,0.0,0.0,1450,1594
3401,yes,10,other,12,31,married,no_rec,others,90,65.0,0.0,0.0,225,375
3402,no,4,rent,60,24,married,no_rec,fixed,75,147.0,0.0,0.0,1300,1700
3403,no,6,owner,48,33,married,no_rec,freelance,45,78.0,3500.0,0.0,1100,1526
3404,no,15,owner,24,54,married,no_rec,freelance,90,350.0,150000.0,0.0,3800,8800
3405,no,2,owner,24,26,married,yes_rec,freelance,45,167.0,4000.0,0.0,340,900
3406,yes,10,priv,60,43,married,no_rec,fixed,90,110.0,4500.0,1500.0,750,936
3407,no,32,rent,60,47,separated,yes_rec,fixed,47,120.0,3000.0,0.0,1400,1995
3408,no,20,owner,60,44,married,no_rec,fixed,60,115.0,4000.0,0.0,1250,1463
3409,yes,1,rent,60,33,married,no_rec,partime,85,250.0,5000.0,0.0,1700,1878
3410,yes,3,owner,36,38,married,no_rec,freelance,90,300.0,3000.0,0.0,1200,1881
3411,yes,0,other,36,21,single,no_rec,partime,35,48.0,0.0,0.0,400,650
3412,no,12,owner,60,40,married,yes_rec,fixed,45,110.0,11500.0,1750.0,800,1594
3413,no,0,parents,60,24,single,no_rec,partime,35,103.0,8000.0,0.0,1070,1405
3414,no,2,parents,24,26,single,no_rec,fixed,35,79.0,0.0,0.0,590,894
3415,no,2,owner,60,40,married,no_rec,fixed,90,161.0,8000.0,470.0,1200,1670
3416,yes,2,parents,36,21,single,no_rec,freelance,35,221.0,0.0,0.0,500,650
3417,no,6,parents,12,27,single,no_rec,freelance,35,129.0,0.0,0.0,400,1777
3418,yes,15,other,60,46,married,yes_rec,freelance,35,244.0,8000.0,0.0,2250,2758
3419,yes,2,rent,60,36,separated,yes_rec,freelance,35,0.0,0.0,0.0,2000,2676
3420,yes,8,rent,60,40,separated,no_rec,fixed,70,100.0,0.0,0.0,1300,1510
3421,no,2,owner,60,38,married,no_rec,fixed,60,88.0,3500.0,500.0,1100,1263
3422,yes,0,owner,48,45,married,no_rec,fixed,90,156.0,5000.0,0.0,1350,1357
3423,no,25,owner,60,51,married,no_rec,fixed,35,93.0,3500.0,0.0,900,995
3424,no,6,owner,48,27,married,no_rec,freelance,60,290.0,4300.0,900.0,1500,2127
3425,yes,2,rent,48,36,married,no_rec,fixed,85,95.0,0.0,0.0,1340,1771
3426,no,11,owner,48,28,single,no_rec,fixed,35,345.0,6000.0,0.0,830,1152
3427,yes,1,owner,60,35,married,no_rec,freelance,90,42.0,5000.0,100.0,500,1300
3428,no,1,owner,60,25,married,no_rec,fixed,45,171.0,15000.0,0.0,550,2055
3429,yes,0,parents,36,21,single,no_rec,partime,45,161.0,2500.0,0.0,580,580
3430,no,11,parents,36,29,single,no_rec,fixed,35,64.0,0.0,0.0,600,1314
3431,no,30,owner,60,65,married,no_rec,freelance,45,250.0,80000.0,0.0,1700,2290
3432,yes,2,other,60,26,single,yes_rec,partime,35,55.0,0.0,0.0,1500,1543
3433,no,1,parents,48,30,single,no_rec,fixed,35,75.0,13000.0,0.0,1000,1300
3434,no,20,other,60,62,married,no_rec,others,75,140.0,0.0,0.0,1300,1371
3435,no,2,owner,36,27,married,no_rec,fixed,45,156.0,6000.0,0.0,700,1045
3436,yes,5,owner,60,48,married,yes_rec,fixed,90,100.0,2000.0,792.0,1000,1034
3437,yes,1,owner,60,52,single,no_rec,fixed,35,150.0,6000.0,0.0,1580,1756
3438,no,10,parents,36,52,married,no_rec,fixed,60,150.0,0.0,0.0,550,612
3439,yes,0,parents,36,21,single,no_rec,partime,35,130.0,2000.0,0.0,875,1075
3440,no,7,owner,60,44,married,no_rec,fixed,45,112.0,3500.0,0.0,1450,1625
3441,no,1,rent,48,46,married,no_rec,fixed,95,200.0,0.0,0.0,1420,1595
3442,no,4,owner,60,36,married,yes_rec,fixed,75,236.0,3750.0,2000.0,1500,1615
3443,no,2,owner,48,30,single,no_rec,fixed,35,106.0,4000.0,0.0,660,1060
3444,no,4,owner,60,25,single,no_rec,freelance,35,100.0,25000.0,0.0,2250,2270
3445,no,11,owner,60,38,married,yes_rec,fixed,60,352.0,5000.0,0.0,1300,1850
3446,no,12,owner,12,51,married,no_rec,freelance,45,200.0,2000.0,0.0,350,450
3447,no,2,owner,60,45,married,no_rec,fixed,75,165.0,3000.0,0.0,900,1500
3448,no,0,owner,48,31,married,no_rec,fixed,45,122.0,4000.0,0.0,1000,1541
3449,no,2,rent,36,27,married,no_rec,fixed,45,102.0,0.0,0.0,600,650
3450,no,0,rent,12,22,single,no_rec,freelance,38,34.0,0.0,0.0,700,1665
3451,no,15,owner,36,41,married,no_rec,freelance,90,129.0,16000.0,0.0,1000,1655
3452,no,1,owner,60,59,married,no_rec,others,45,228.0,10000.0,0.0,1150,1150
3453,no,14,owner,24,55,married,no_rec,fixed,90,715.0,5000.0,0.0,800,1324
3454,no,5,parents,60,30,married,no_rec,freelance,45,189.0,0.0,0.0,2000,2312
3455,yes,7,priv,60,36,married,yes_rec,fixed,60,300.0,7000.0,0.0,2000,2485
3456,no,20,owner,60,48,married,no_rec,fixed,45,178.0,25000.0,700.0,800,1150
3457,no,3,priv,36,37,married,no_rec,freelance,45,0.0,4500.0,0.0,900,1596
3458,no,2,rent,60,40,married,no_rec,fixed,89,140.0,0.0,0.0,1250,1250
3459,no,0,parents,12,27,single,no_rec,freelance,45,857.0,35000.0,0.0,1000,2000
3460,yes,0,owner,24,47,separated,no_rec,freelance,35,0.0,20000.0,4000.0,900,1100
3461,no,10,owner,60,55,married,no_rec,freelance,60,0.0,10000.0,0.0,1000,1180
3462,no,4,priv,24,44,married,no_rec,freelance,60,0.0,2900.0,0.0,1800,2750
3463,yes,16,owner,36,30,married,no_rec,fixed,45,82.0,4500.0,0.0,800,975
3464,yes,0,rent,48,37,married,no_rec,partime,60,154.0,0.0,0.0,1870,2217
3465,no,3,parents,48,31,single,no_rec,fixed,35,120.0,0.0,0.0,1000,1100
3466,no,2,parents,60,22,single,no_rec,fixed,35,151.0,0.0,0.0,1100,1481
3467,no,38,owner,24,56,married,yes_rec,fixed,75,98.0,7000.0,0.0,300,1308
3468,no,12,rent,48,36,married,no_rec,fixed,80,195.0,0.0,0.0,1800,2272
3469,yes,0,owner,36,35,married,yes_rec,fixed,105,122.0,5200.0,2000.0,850,850
3470,no,16,owner,60,30,married,no_rec,fixed,35,95.0,2000.0,0.0,1300,1700
3471,no,2,rent,48,57,married,no_rec,others,68,233.0,0.0,0.0,1200,1366
3472,yes,8,rent,12,32,married,no_rec,freelance,45,0.0,0.0,0.0,300,400
3473,yes,14,owner,60,37,married,yes_rec,fixed,75,60.0,2500.0,0.0,1500,1648
3474,yes,3,other,60,25,single,no_rec,fixed,35,283.0,0.0,0.0,2000,2032
3475,no,6,parents,60,33,married,yes_rec,partime,60,0.0,0.0,0.0,1250,1332
3476,no,14,owner,60,34,single,no_rec,fixed,35,90.0,5000.0,0.0,1000,1349
3477,yes,1,other,48,33,married,yes_rec,freelance,75,0.0,0.0,0.0,1000,2218
3478,no,6,parents,36,24,single,no_rec,fixed,35,57.0,0.0,0.0,380,490
3479,yes,18,owner,18,38,married,yes_rec,freelance,60,93.0,20000.0,0.0,950,1350
3480,no,6,parents,60,23,single,no_rec,fixed,35,109.0,0.0,0.0,1332,1332
3481,no,1,rent,60,28,married,no_rec,fixed,60,150.0,0.0,0.0,1350,1419
3482,no,4,rent,36,60,separated,no_rec,fixed,46,111.0,0.0,0.0,500,750
3483,yes,5,owner,60,49,married,yes_rec,fixed,75,148.0,3000.0,200.0,1500,1657
3484,no,18,owner,36,42,married,no_rec,fixed,75,121.0,2000.0,150.0,900,1633
3485,yes,1,parents,24,23,single,no_rec,partime,35,70.0,0.0,0.0,500,640
3486,no,4,owner,60,35,married,no_rec,fixed,35,85.0,5500.0,900.0,1500,1810
3487,yes,5,owner,36,43,married,no_rec,others,75,192.0,15000.0,0.0,1500,2448
3488,yes,0,parents,36,38,married,yes_rec,freelance,75,125.0,11000.0,0.0,2500,3350
3489,yes,7,other,60,25,married,no_rec,fixed,45,50.0,0.0,0.0,950,1378
3490,no,16,priv,48,51,married,no_rec,fixed,45,130.0,3000.0,500.0,500,964
3491,no,16,owner,60,32,married,yes_rec,fixed,75,143.0,4000.0,0.0,650,1017
3492,yes,0,other,60,34,single,no_rec,fixed,35,140.0,3000.0,0.0,1550,1570
3493,yes,3,owner,24,60,married,no_rec,freelance,90,50.0,16000.0,0.0,2750,2971
3494,no,8,owner,60,28,married,no_rec,freelance,60,200.0,9000.0,0.0,750,850
3495,no,2,owner,18,31,married,no_rec,partime,90,197.0,5000.0,300.0,860,1192
3496,no,0,owner,36,35,married,no_rec,freelance,75,190.0,4000.0,0.0,1300,2125
3497,yes,6,priv,36,29,single,no_rec,partime,35,68.0,1500.0,0.0,500,525
3498,no,18,owner,60,35,married,no_rec,fixed,45,92.0,4000.0,0.0,950,1250
3499,yes,2,other,60,37,married,no_rec,fixed,75,0.0,0.0,0.0,1385,1385
